Title,Collection,MediaType,PhysicalFormat,Generations,DateofOriginalWork,Description
"Holly Near - Singer, Activist - Original",SD_07_02,Moving Image,3/4 inch videotape: U-matic,Original,1980,Holly Near is a popular feminist folksinger. Images of the singer performing at the Vancouver Folk Festival
"MS - Mother's Day, 1980",SD_07_02,Moving Image,3/4 inch videotape: U-matic,Original,1980-08-18,"This tape documents the events during a Mothers Day Festival organized by a coalition of East Vancouver women s groups. Wages for housework, senior citizens, lesbian mothers and working mothers in the female job Ghetto of low-paying and menial jobs are examined and actions discussed."
Hardly an Ending - MS - Original,SD_07_02,Moving Image,3/4 inch videotape: U-matic,Original,,
TWU - BC Tel - DOBS,SD_07_02,Moving Image,3/4 inch videotape: U-matic,,1981,"For five days in February 1981, the employees of the Tele-Communications Workers Union occupied the major telephone centres of BC and ran the province’s telephone services without help from management. This action was a response to layoffs of workers after 14 months of negotiations and BC Tel’s rejection of a mediator’s report. Operators and union spokespeople discuss the issues of the strike, their over-supervised work conditions, public support of the occupation of BC. Tel centres and the improving morale of operators as they administered themselves."
Tatsyana Mamanova - Russian Feminist - MS - Original,SD_07_02,Moving Image,3/4 inch videotape: U-matic,Original,1981,"I have come to the conclusion that men have tried to achieve Socialism and they have not been able to achieve this. (TM) In 1980 several women in the Soviet Union published a feminist journal, Almanac . She was exiled for her comments on women s oppression in Russia. This lecture was part of her North American tour."
Tape #7 - Amelia,SD_07_02,Moving Image,3/4 inch videotape: U-matic SP,,1981-07-26,"In July 1981, one hundred aboriginal women and their children occupied the Department of Indian Affairs in Vancouver B.C., to bring national attention to the destructive effects of DIA policies on their bands and on their entire people. This tape covers their occupation, arrest and later support activity."
Tape #8,SD_07_02,Moving Image,3/4 inch videotape: U-matic SP,,,"In July 1981, one hundred aboriginal women and their children occupied the Department of Indian Affairs in Vancouver B.C., to bring national attention to the destructive effects of DIA policies on their bands and on their entire people. This tape covers their occupation, arrest and later support activity."
Women Speak Out Against the Right - MS,SD_07_02,Moving Image,3/4 inch videotape: U-matic,Original,1982-03,"A panel at the 1981 National Lesbian Conference discusses the attempts of the New Right to blame the ills of this society on the breakdown of the family (the fault of queers), immigration (the fault of immigrants), and abortion (the fault of the women’s movement). They also discuss attempts that have been made to combat the New Right. This workshop sparked the formation of many new Lesbians Against the Right groups across Canada."
"International Women's Day, 1982 - MS",SD_07_02,Moving Image,3/4 inch videotape: U-matic,Original,1982-03-31,
Union Rights = Mothers' Rights CUPW - 1981 - TWU Tel - 1981,SD_07_02,Moving Image,VHS,,,"One of the central issues in the 1981 postal strike was the right of female employees to full maternity benefits. Prioritizing a women s contract clause required membership education and support. This video examines childbearing as one of several issues, such as daycare, shift scheduling and paternity leave; that working women and men face. Through interviews and strike documentation, the video follows the fight for full maternity benefits. // For five days in February 1981, the employees of the Tele-Communications Workers Union occupied the major telephone centres of BC and ran the province’s telephone services without help from management. This action was a response to layoffs of workers after 14 months of negotiations and BC Tel’s rejection of a mediator’s report. Operators and union spokespeople discuss the issues of the strike, their over-supervised work conditions, public support of the occupation of BC. Tel centres and the improving morale of operators as they administered themselves."
T.W.U Tel - Amelia Productions - Billie Carrol - Sarah Davidson - Sara Diamond - Ellen Frank - Gay Hawley,SD_07_02,Moving Image,VHS,,,
"TWU Tel / This Line is Not in Service - Amelia Productions, 1981",SD_07_02,Moving Image,3/4 inch videotape: U-matic,,,
"TWU Tel - 8:56 - color MONO - This Line is Not in Service - 25:25 - color MONO - Amelia Productions, 1981",SD_07_02,Moving Image,VHS,,,
Union Rights = Mothers' Rights CUPW - 1981 - Amelia Productions - Sara Diamond/Gay Hawley - 27 minutes,SD_07_02,Moving Image,,,,
The Dreams of the Night Cleaners - Rough Cut - 66 mins - March 13/94,SD_06_02,Moving Image,VHS,Rough cut,1994-03-13,"This visually stunning “docu-fiction” takes us on a complex voyage through history and memory. Newspaper clippings, computer screens, billboards, and the reflective windows of bank buildings whisper fragments of racism and greed. An archivist, an airline worker, and a night cleaner overcome their mutual suspicions and share their stories: of destroyed homelands, migration and struggle. Original mixes of world music and playful video effects create a mythic landscape of healing for the characters, for our cultural stories, and for ourselves. A thought provoking video that brings Canadian immigration history to life, co-produced with the Banff Centre and the National Film Board."
SF MOMA CRIT 1,SD_03_02,Moving Image,VHS,,,
PAL - SF MOMA CRIT 1,SD_03_02,Moving Image,VHS,,,
Paul & Nina - Late Afternoon tea / water - #120 PAL 1 - Early on Tape 2,SD_03_02,Moving Image,VHS,Original,2003-02-26 to 2003-02-28,
Paul & Nina - Late Afternoon - Early on Tape 2,SD_03_02,Moving Image,VHS,Original,,
Nina & Paul Tape 3 (evening) Topics,SD_03_02,Moving Image,VHS,Original,,
Paul & Nina last day - midday installetur - #123 Tape 4,SD_03_02,Moving Image,VHS,Original,2003-02-25 to 2003-02-28,
Paul & Nina mid-day installetur - day 2 Tape 9,SD_03_02,Moving Image,VHS,Original,,
Code Zebra #130 - From PAL #11,SD_03_02,Moving Image,VHS,Original,2003-02-25 to 2003-02-28,- Set up deaf    - views     - P+N Enter
Sara/T+M - 2nd debrief tape - Response Bed - Bad camera,SD_03_02,Moving Image,VHS,Original,,
Tom/Mary #1 - Code Zebra #125 - From PAL #6,SD_03_02,Moving Image,VHS,Original,2003-02-25 to 2003-02-28,
Tom and Mary w/ Sara D - debrief #1,SD_03_02,Moving Image,VHS,Original,,
"Tom/Mary Tape 1 - cz - topics, first diaries",SD_03_02,Moving Image,VHS,Original,,
Code Zebra #127 - From PAL #8,SD_03_02,Moving Image,VHS,Original,2003-02-25 to 2003-02-28,
Code Zebra #128 - From PAL #9,SD_03_02,Moving Image,VHS,Original,2003-02-25 to 2003-02-28,
Code Zebra #129 - From PAL #10,SD_03_02,Moving Image,VHS,Original,2003-02-25 to 2003-02-28,
Code Zebra #131 - From PAL Habitual / Cage - p/u shots,SD_03_02,Moving Image,VHS,Original,2003-02-26 to 2003-02-28,
Dinner Party - Debrief Tape - not much focus,SD_03_02,Moving Image,VHS,Original,,
C2 - First Prototype - May-Oct 1999,SD_03_02,,CD,Original,,
Story Board Content CD2,SD_03_02,,CD,Original,,
C2 media - 1,SD_03_02,,CD,Original,,
2004 Davies & Gut,SD_03_02,Sound,CD,Original,2004-08-06,"Music for ""Sara's Fashion Event"" - Telus Enter + Exit Tracks"
Code Cobra Demo Disc,SD_03_02,,CD,Original,,"Label says ""Java Software"""
John Chapman,SD_03_02,,CD,Original,,
[Untitled],SD_03_02,,Audio cassette,Original,,
[Title not legiible],SD_03_02,,,Original,,
[Untitled],SD_03_02,,,Original,,
[Untitled],SD_03_02,,,Original,,
[Untitled],SD_03_02,,,Original,,
Writings,SD_03_02,,,Original,,
Code Zebra Audio Files,SD_03_02,,CD,Original,,
The Transmute Collective - Intimate Transactions Preview Disc,SD_03_02,,CD,,,Software disc
Pictures Photoshop - Screen Captures,SD_03_02,,CD,Original,,
P.S.,SD_03_02,,CD,Original,2003-12-09,
extreme Velocity CD 2000,SD_03_02,,CD,,2000,Software disc
[Untitled],SD_03_02,,CD,,,London Drugs photographs on CD
36/2004/anual de arte/FAAP,SD_03_02,,CD,,2004,Subtitle: trabalhos selecionados em video
cz files,SD_03_02,,CD,Original,,
[Untitled],SD_03_02,,CD,Original,,
[Untitled],SD_03_02,,CD,Original,,
Aural Cultures,SD_03_02,,CD,Copy,,
[Untitled],SD_03_02,,,Original,,
[Untitled],SD_03_02,,,Original,,
Concerns,SD_03_02,,,Original,,
HorizonZero,SD_03_02,,CD,Copy,2002-08 to 2004-12,"HorizonZero is a multimedia Web magazine about digital art and culture in Canada — a bilingual virtual space devoted to creativity and critical ideas in the new media canon. Now out of production, our eighteen back-issues explore an extensive range of subjects in the territory where art, science, and technology meet."
[Untitled],SD_03_02,,,Original,,
cz appu,SD_03_02,,,Original,,
8 Minute Operas,SD_03_02,,,Original,,Label says: 8 minute operas - Sugar   - Orpheus     - Je Souviens KM
[Untitled],SD_03_02,,,Original,,
[Untitled],SD_03_02,,,Original,,
[Untitled],SD_03_02,,,Original,,
Research Telefilm - All files - cz recent,SD_03_02,,,Original,,
ISRID - Bud Wk,SD_03_02,,,Original,,
Bell NM Fund appy - Development Budget Temp,SD_03_02,,,Original,,
Budges - Event Horizon,SD_03_02,,,Original,,
Heritage - To Bores + Peter - cc To Susan Kerye,SD_03_02,,,Original,,
Bell Production bud. temp - Guggenheim - cz recent,SD_03_02,,,Original,,
[Untitled],SD_03_02,,,Original,,
RTF Zebra - Architectures Completed,SD_03_02,,,Original,,
[Untitled],SD_03_02,,,Original,,
"The Making of Code Zebra: A Work in Progress by Sara Diamond / Oct 21, 2001 / Only the Strong Survive",SD_03_02,Moving Image,MiniDV,Original,2001-10-21,
Interview S. + Dinner,SD_03_02,Moving Image,MiniDV,Original,,
Code Zebra #127 From PAL #8 25-28/02/03,SD_03_02,Moving Image,MiniDV,Original,2003/02/25-28,
Code Zebra #33 Smart Club Blackhill Studios London 2002.12.7,SD_03_02,Moving Image,MiniDV,Original,2002/12/07,
Code Zebra #36 2 / 2002.12.1,SD_03_02,Moving Image,MiniDV,Original,2002/12/01,
CZ #8 7+ M vid,SD_03_02,Moving Image,MiniDV,Original,,
Code Zebra #120 From Pal #1 26-27/02/03,SD_03_02,Moving Image,MiniDV,Original,2003/02/26-27,
Code Zebra #121 From PAL #2 25-28/02/03,SD_03_02,Moving Image,MiniDV,Original,2003/02/25-28,
Code Zebra #122 From PAL #3 25-28/02/03,SD_03_02,Moving Image,MiniDV,Original,2003/02/25-28,
Code Zebra #123 From PAL #4 25-28/02/03,SD_03_02,Moving Image,MiniDV,Original,2003/02/25-28,
Code Zebra #124 From PAL #5 25-28/02/03,SD_03_02,Moving Image,MiniDV,Original,2003/02/25-28,
Code Zebra #125 From PAL #6 25-28/02/03,SD_03_02,Moving Image,MiniDV,Original,2003/02/25-28,
Code Zebra #126 From PAL #7 25-28/02/03,SD_03_02,Moving Image,MiniDV,Original,2003/02/25-28,
Code Zebra #128 From PAL #9 25-28/02/03,SD_03_02,Moving Image,MiniDV,Original,2003/02/25-28,
Code Zebra #129 From PAL #10 25-28/02/03,SD_03_02,Moving Image,MiniDV,Original,2003/02/25-28,
Code Zebra #130 From PAL #11 25-28/02/03,SD_03_02,Moving Image,MiniDV,Original,2003/02/25-28,
Code Zebra #131 From Friday morning 26-28/02/03,SD_03_02,Moving Image,MiniDV,Original,2003/02/26-28,
Code Zebra #132 From Friday morning 26-28/02/03,SD_03_02,Moving Image,MiniDV,Original,2003/02/26-28,
CZ #5 Last N+P First 7+M 26/27/12/03,SD_03_02,Moving Image,MiniDV,Original,2003/02/26-27,
CZ #6 7+M Enter + 1st brainstorm 27/02/03,SD_03_02,Moving Image,MiniDV,Original,2003/02/27,
CZ #7 M+7 afternoon + PM,SD_03_02,Moving Image,MiniDV,Original,,
PAL Tom & Marg (Master),SD_03_02,Moving Image,MiniDV,Original,2003 - Feb 26 - March 1,
,SD_03_02,Moving Image,MiniDV,Original,,
Mother/Daughter Conference - Tape #1,SD_04_02,Moving Image,Betamax,,,
Mother/Daughter Conference - Tape 2,SD_04_02,Moving Image,Betamax,,,
Arts Edge - Interview with Sara Diamond on the Subject of the Second Decade,SD_04_02,Moving Image,Betacam SP,,,
"Interview - Nelly, Diamela (sara) - Translated version (rh)",SD_04_02,Sound,Audio cassette,Original,,
Tape #1 Side 1/Video School  -  Renee Baert: A retrospective of Canadian Feminist Production Aug 16-17/86,SD_04_02,Sound,Audio cassette,Original,1986/08/16-17,
Tape #2 Side 1/Video School  -  Renee Baert: A retrospective of Canadian Feminist Production Aug 16-17/86,SD_04_02,Sound,Audio cassette,Original,1986/08/16/17,
#1 Albanie Morin Lecture,SD_04_02,Sound,Audio cassette,Original,,
Albanie Morin #3,SD_04_02,Sound,Audio cassette,Original,,
"Sept 7, 86 Community Use of Video Sara Diamond Tape#4 Side 1",SD_04_02,Sound,Audio cassette,Original,1986/09/07,
The Heat Is On Panel One - Discussion Nov 30 Tape 2,SD_04_02,Sound,Audio cassette,Original,,
"Saturday Nov 30, 85  ""The Heat is on"" Christine Conley Tape  1 / Pat Feindel Panel One",SD_04_02,Sound,Audio cassette,Original,1985/11/30,
Heat is On panel 2 - Joan Borsa - Nov. 30 Tape 3 /Discussion Joan Borsa,SD_04_02,Sound,Audio cassette,Original,1985/11/30,
"Nov 30, 85 Panel 2 - Tape 4 - The Heat is on - Varda Burstyn / Panel 2 Varda Burstyn - Sue Golding",SD_04_02,Sound,Audio cassette,Original,1985/11/30,
The Heat is on - Nov. 30/85 - Panel two - Sue Golding - Tape 5,SD_04_02,Sound,Audio cassette,Original,1985/11/30,
Heat is on Nov 30 Sat - Panel 2 - Tape 6 - Discussion / Dec. 01 - Panel Three - Caffyn Kelly,SD_04_02,Sound,Audio cassette,Original,1985/11/30,
The Heat is on Dec. 1 - Panel Three Lisa Stelle - Tape 8 / Panel three - Cindy Patton and Discussion,SD_04_02,Sound,Audio cassette,Original,1985/12/01,
"""The Heat is On"" Nov 30, 85 - Keynote, Diamond / Keynote Speaker, Diamond + Panel One",SD_04_02,Sound,Audio cassette,Original,1985/11/30,
Women in Film: Prod. the 1/2 hr TV Drama / Project Development / June 15/89,SD_04_02,Sound,Audio cassette,Original,1989/06/15,
Women in Film: Prod. the 1/2 hr TV Drama / Panel Presentation / June 15/90,SD_04_02,Sound,Audio cassette,Original,1989/06/15,
The Heat is On - Dec 1 - Panel Three Himani Banerji - Tape 7 / Panel Three - Lisa Steele,SD_04_02,Sound,Audio cassette,Original,1985/12/01,
"Sept 6, 86 - Comunity Use of Video / Sara Diamond - Tape #1 - Side 2",SD_04_02,Sound,Audio cassette,Original,1986/09/06,
Tape #3 Day 2 / Community Use of Video / Sara Diamond Side 1,SD_04_02,Sound,Audio cassette,Original,,
Sara Diamond - Alberta Biennial of Contemporary Art - 1996,SD_04_02,Moving Image,VHS,,,
Heroics: A Quest - Definitions - Compilation Tape,SD_02_02,Moving Image,VHS,,,
Heroics: Definitions,SD_02_02,Moving Image,VHS,,,
"Heroics: Tape One - Creativity (Installation) - Lorna Boschman, Betty Merrall, Anna Banana, Corrine Hunt, Klic Akerly",SD_02_02,Moving Image,VHS,,,
Heroics II: A Shining Example,SD_02_02,Moving Image,VHS,,,
Heroics III: Survival - Sara Diamond,SD_02_02,Moving Image,VHS,,,
Heroics IV: To Triumph Over Misfortune,SD_02_02,Moving Image,VHS,,,
Heroics Two: A Shining Example,SD_02_02,Moving Image,VHS,,,
Heroics Three: Survival,SD_02_02,Moving Image,VHS,,,
Heroics Four: To Triumph Over Misfortune,SD_02_02,Moving Image,VHS,,,
Heroics Five: A Conscious and Difficult Choice,SD_02_02,Moving Image,VHS,,,
Heroics,SD_02_02,Moving Image,Audio cassette,Original,,
The Influences of my Mother,SD_02_02,Moving Image,3/4 inch videotape: U-matic,,1982,
Rose Diamond,SD_02_02,Sound,Audio cassette,Original,,
Rose Diamond,SD_02_02,Sound,Audio cassette,Original,,
Rose Diamond,SD_02_02,Sound,Audio cassette,Original,,
Paul Wong,SD_08_02,Sound,Audio cassette,Original,1999/06/10,
The Fool of the Year - Martin Diamond,SD_08_02,Sound,Audio cassette,Original,,
Side 100 - Gay & lesbian,SD_08_02,Sound,Audio cassette,Original,,
Side one + two:  June 10/99 gay & lesb,SD_08_02,Sound,Audio cassette,Original,,
Refernce tape for Brian Arnold,SD_08_02,Sound,Audio cassette,Original,,
CRTV Marc 9/88,SD_08_02,Sound,Audio cassette,Original,1988/03/09,
Environmental Sounds,SD_08_02,Sound,Audio cassette,Original,,
[],SD_08_02,Sound,Audio cassette,Original,,
[],SD_08_02,Sound,Audio cassette,Original,,
[],SD_08_02,Sound,Audio cassette,Original,,
Heart - Dog & Butterfly,SD_08_02,Sound,Audio cassette,Original,,
[],SD_08_02,Sound,Audio cassette,Original,,
Marissa 2 - 1st B Day,SD_08_02,Moving Image,8 mm video,Original,,
Dec 18 88 - Marlowes DO NOT RECORD OVER,SD_08_02,Moving Image,8 mm video,Original,,
Maureen & Ginalee Mon/Wed,SD_08_02,Moving Image,8 mm video,Original,,
"Barb, Donnie, Michelle ",SD_08_02,Moving Image,8 mm video,Original,,
Demo,SD_08_02,Moving Image,8 mm video,Original,,
Spa Highway Ranch,SD_08_02,Moving Image,8 mm video,Original,,
Bev_Diane_Michel - Smell,SD_08_02,Moving Image,8 mm video,Original,,
WLHP - Rough Cut - 254-5210 - OTO Master 1,SD_01_02,Moving Image,3/4 inch videotape: U-matic,Rough cut,,
On To Ottawa,SD_01_02,Moving Image,3/4 inch videotape: U-matic,,,
OTO Master #4,SD_01_02,Moving Image,3/4 inch videotape: U-matic,,,
Festival #5,SD_01_02,Moving Image,3/4 inch videotape: U-matic,,,
[Unlabelled],SD_01_02,Moving Image,3/4 inch videotape: U-matic,,,
Tagashira,SD_01_02,Moving Image,3/4 inch videotape: U-matic,,,
Worktape,SD_01_02,Moving Image,3/4 inch videotape: U-matic,,,
OTO Voiceover w/ Cover #1,SD_01_02,Moving Image,3/4 inch videotape: U-matic,,,
Dub Assembly With Some A/B Cover,SD_01_02,Moving Image,Betacam SP,,,
Sept. 27 - OTO Rough Cut 3 - Copy - WLHP,SD_01_02,Moving Image,3/4 inch videotape: U-matic,Rough cut,,
[Unlabelled],SD_01_02,Moving Image,3/4 inch videotape: U-matic,,,
[Unlabelled],SD_01_02,Moving Image,3/4 inch videotape: U-matic,,,
Rough Music + Visuals,SD_01_02,Moving Image,3/4 inch videotape: U-matic,,,
EFP 19,SD_01_02,Moving Image,3/4 inch videotape: U-matic SP,,,
A8 WLHP,SD_01_02,Moving Image,3/4 inch videotape: U-matic,,,
15/7,SD_01_02,Moving Image,3/4 inch videotape: U-matic,,,
On To Ottawa - WLHP Owned,SD_01_02,Moving Image,1 inch videotape,,,
OTO Slides #5 - 1st Gen. - NON TC - 435B,SD_01_02,Moving Image,Betacam,Submaster,,
OTO Slides 1-6 - BC Indians - A Friend at the Door,SD_01_02,Moving Image,VHS,,,
On To Ottawa - Approx. 1 hour,SD_01_02,Moving Image,VHS,,,
On To Ottawa - Set Up - 9/2/91 - NON TC - 1st Gen. - 479B,SD_01_02,Moving Image,Betacam SP,Submaster,1991-09-02,
OTO - Audio Voice Over - Final Cuts - 2nd Gen. - T.C. - 541B,SD_01_02,Moving Image,Betacam SP,Dub,1991-11-12,
OTO Slides - #4 - 1st Gen. - NON TC - 434B,SD_01_02,Moving Image,Betacam,Submaster,1991-11-01,
OTO Slides #1 - 1st Gen - 431B,SD_01_02,Moving Image,Betacam,Submaster,1991-11-01,
OTO Slides #3 - 1st Gen. - NON TC - 433B,SD_01_02,Moving Image,Betacam,Submaster,,
OTO Slides #2 - 1st Gen. - NON TC - 432B,SD_01_02,Moving Image,Betacam,Submaster,,
On To Ottawa - C-Roll - WLHP Owned,SD_01_02,Moving Image,1 inch videotape,,,
On To Ottawa - Edit Master - WLHP Owned,SD_01_02,Moving Image,1 inch videotape,,,
Hold the fort - songs for labour on the line,SD_01_02,Sound,Audio cassette,Original,,
PATTERNITY PROJECT - Sara Diamond - BROOKLYN / EAST NEW YORK - Excerpt,SD_02_02,Moving Image,3/4 inch videotape: U-matic SP,,,
Compilation Tape - Patternity - Lower East Side (Some Footage Excerpts),SD_02_02,Moving Image,3/4 inch videotape: U-matic SP,,,
Sync - Patt - 30 mins - Studio 4,SD_02_02,Moving Image,3/4 inch videotape: U-matic,,,
Paternity - Client: Sara Diamond - Reel 1 - TC Track 2,SD_02_02,Moving Image,VHS,Dub,,
Paternity - Client: Sara Diamond - Reel 1 - TC Track 2,SD_02_02,Moving Image,VHS,Dub,,
Paternity - Client: Sara Diamond - Reel 1 - TC Track 2,SD_02_02,Moving Image,VHS,Dub,,
Patternity - 1991 - Sara Diamond - 2hrs 13 min,SD_02_02,Moving Image,VHS,Dub,,
Paternity Reel 2 - Client: Sara Diamond - WLCP,SD_02_02,Moving Image,VHS,Dub,,
Paternity - Client: Sara Diamond - Reel 2 - TC Track 2,SD_02_02,Moving Image,VHS,Dub,,
Paternity - Client: Sara Diamond - Reel 2 - TC Track 2,SD_02_02,Moving Image,VHS,Dub,,
Paternity - Client: Sara Diamond - Reel 3 - TC Track 2,SD_02_02,Moving Image,VHS,Dub,,
Paternity - Client: Sara Diamond - Reel 3 - TC Track 2,SD_02_02,Moving Image,VHS,Dub,,
Paternity - Client: Sara Diamond - Reel 3 - TC Track 2,SD_02_02,Moving Image,VHS,Dub,,
Paternity Reel 3 - Client: Sara Diamond - WLCP,SD_02_02,Moving Image,VHS,Dub,,
Paternity Master - Tape 1B - Time Code Window Dub,SD_02_02,Moving Image,VHS,Dub,,
Patternity: Photo Excerpts - Jan 3 1991 - 1058B,SD_02_02,Moving Image,Betacam SP,,1991-01-03,
Patternity Gestures - Tape 1 - Wide Y/Scape - Orig. - T.C. - 1084B,SD_02_02,Moving Image,Betacam,Original,,
Patternity Gestures - Tape 2 - Wide L/Scape - Orig. - T.C. - 1085B,SD_02_02,Moving Image,Betacam,Original,,
Patternity Gestures - Tape 3 - Wide L/Scape - Orig. - T.C. - 1086B,SD_02_02,Moving Image,Betacam,Original,,
Patternity Gestures - Tape 4 - Orig. - T.C. - 1087B,SD_02_02,Moving Image,Betacam,Original,,
Patternity Gestures - Tape 5 - Orig. - T.C. - 1088B,SD_02_02,Moving Image,Betacam,Original,,
Patternity Gestures - Tape 6 - Orig. - T.C. - 1089B,SD_02_02,Moving Image,Betacam,Original,,
2 - J.D. Diamond - Tape 02,SD_02_02,Moving Image,Betacam,,,
4 - Tape 04,SD_02_02,Moving Image,Betacam,,,
"6 - 06 - J.D. Diamond - June 17, 88 - JDD",SD_02_02,Moving Image,Betacam,,1988-06-17,
7 - 07 - J.D. Diamond,SD_02_02,Moving Image,Betacam,,,
8 - 08 - J.D. Diamond,SD_02_02,Moving Image,Betacam,,,
9 - 09 - J.D. Diamond,SD_02_02,Moving Image,Betacam,,,
11 - 11.00 - J.D. Diamond,SD_02_02,Moving Image,Betacam,,1988-06-17,
17 - #17 - JDD,SD_02_02,Moving Image,Betacam,,,
19 - #19 - JDD,SD_02_02,Moving Image,Betacam,,,
20 - #20 - JDD,SD_02_02,Moving Image,Betacam,,,
21 - JDD #21 - (20:20+) - *I forgot to mark - Time Code # - 20:20 Upwards,SD_02_02,Moving Image,Betacam,,,
23 - Tape 23 - JDD - *23:17:50 / Where left off,SD_02_02,Moving Image,Betacam,,,
25 - 25:01 = 1:30,SD_02_02,Moving Image,Betacam,,,
26 - 26 = 2:30,SD_02_02,Moving Image,Betacam,,,
29 - 29 - 4:30,SD_02_02,Moving Image,Betacam,,,
30 - 30 - 5:30,SD_02_02,Moving Image,Betacam,,,
#1 - 8.29.89 - L.E.S,SD_02_02,Moving Image,Betacam,Master,1989-08-29,
#2 - 8.29.89 - L.E.S.,SD_02_02,Moving Image,Betacam,Master,1989-08-29,
#3 - 8.29.89 - L.E.S.,SD_02_02,Moving Image,Betacam,Master,1989-08-29,
#4 - 8.29.89 - L.E.S.,SD_02_02,Moving Image,Betacam,Master,1989-08-29,
#5 - Lower East Side - 8.29.89 - S. Diamond,SD_02_02,Moving Image,Betacam,Master,1989-08-29,
#6 - L.E.S. - Union Sq. - Diamond,SD_02_02,Moving Image,Betacam,Master,,
#7 - Union Square - Aug. 30,SD_02_02,Moving Image,Betacam,Master,1989-08-30,
#8 - Union Sq.,SD_02_02,Moving Image,Betacam,Master,1989-08-30,
#9 - 8.30.89 - City Hall - Sara Diamond,SD_02_02,Moving Image,Betacam,Master,1989-08-30,
#10 - 8.30.89 - L.E.S.,SD_02_02,Moving Image,Betacam,Master,1989-08-30,
#11 - 8.30-31.1989 - L.E.S.,SD_02_02,Moving Image,Betacam,Master,1989-08-30,
#12 - 8.31.89 - L.E.S.,SD_02_02,Moving Image,Betacam,Master,1989-08-31,
"#13 - 8.31.89 - L.E.S., Bklyn Bridge",SD_02_02,Moving Image,Betacam,Master,1989-08-31,
#14 - Aug 31. 89 - Bkyln & Manhattan Bridge,SD_02_02,Moving Image,Betacam,Master,1989-08-31,
#15 - 8.31.89 - Brooklyn Street Scenes,SD_02_02,Moving Image,Betacam,Master,1989-08-31,
#22 - 9.1.89 - Bronx,SD_02_02,Moving Image,Betacam,Master,1989-09-01,
#23 - 9.1.89 - Bronx,SD_02_02,Moving Image,Betacam,Master,1989-09-01,
13 - J.D. Diamond - #13,SD_02_02,Moving Image,Betacam,,,
12 - JDD - #12 - June 17/80,SD_02_02,Moving Image,Betacam,,1988-06-17,
"VHS # 5 - 25, 26, 27, 28, 29, 30",SD_02_02,Moving Image,VHS,,,
Paternity Project June 3/86,SD_02_02,Sound,Audio cassette,Original,1986-06-03,
"Ten Dollars or Nothing - Daughters Have Courage - Mothers Take Heart - Featuring Josephine Charlie - Produced/Directed by Sara Diamond - c. 1989 WLHP / Diamond - 11:47 min., colour, mono: 2 channels",SD_02_02,Moving Image,3/4 inch videotape: U-matic,,,
Jonnie Rankin 1 - Worktape - Copy - Non TC - 1262U,SD_01_02,Moving Image,3/4 inch videotape: U-matic SP,Work tapes,,
Jonnie Rankin 2 - Worktape - Copy - Non TC - 1262U,SD_01_02,Moving Image,3/4 inch videotape: U-matic SP,Work tapes,,
Jonnie Rankin 3 - Worktape - Copy - Non TC - 1262U,SD_01_02,Moving Image,3/4 inch videotape: U-matic SP,Work tapes,,
Betty Griffin - 1/3 - Copy,SD_01_02,Moving Image,3/4 inch videotape: U-matic SP,Copy,,
Betty Griffin - 2 of 3 - Copy,SD_01_02,Moving Image,3/4 inch videotape: U-matic SP,Copy,,
Betty Griffin - 3 of 3 - Copy,SD_01_02,Moving Image,3/4 inch videotape: U-matic SP,Copy,,
Marj Storm - Tape 1,SD_01_02,Moving Image,Hard Drive,Copy: preservation,,
Marj Storm - Tape 1,SD_01_02,Moving Image,Hard Drive,Copy: access,,
Marj Storm - Tape 1,SD_01_02,Moving Image,3/4 inch videotape: U-matic SP,,,
Marj Storm - Tape 2,SD_01_02,Moving Image,Hard Drive,Copy: preservation,,
Marj Storm - Tape 2,SD_01_02,Moving Image,Hard Drive,Copy: access,,
Marj Storm - Tape 2,SD_01_02,Moving Image,3/4 inch videotape: U-matic SP,,,
Marj Storm - Tape 3,SD_01_02,Moving Image,Hard Drive,Copy: preservation,,
Marj Storm - Tape 3,SD_01_02,Moving Image,Hard Drive,Copy: access,,
Marj Storm - Tape 3,SD_01_02,Moving Image,3/4 inch videotape: U-matic SP,,,
Marj Storm - Tape 4,SD_01_02,Moving Image,Hard Drive,Copy: preservation,,
Marj Storm - Tape 4,SD_01_02,Moving Image,Hard Drive,Copy: access,,
Marj Storm - Tape 4,SD_01_02,Moving Image,3/4 inch videotape: U-matic SP,,,
Marge Storm - Copy 4,SD_01_02,Moving Image,3/4 inch videotape: U-matic,Dub,,
"Marge Storm - 1, 2, 3",SD_01_02,Moving Image,3/4 inch videotape: U-matic,,,
Alice Person - 1 of 5 - 1987 - Copy - Non TC - 1206U,SD_01_02,Moving Image,Hard Drive,Copy: preservation,1987,
Alice Person - 1 of 5 - 1987 - Copy - Non TC - 1206U,SD_01_02,Moving Image,Hard Drive,Copy: access,1987,
Alice Person - 1 of 5 - 1987 - Copy - Non TC - 1206U,SD_01_02,Moving Image,3/4 inch videotape: U-matic SP,Dub,1987,
Alice Person - 2 of 5 - 1987 - Copy - Non TC - 1207U,SD_01_02,Moving Image,Hard Drive,Copy: preservation,1987,
Alice Person - 2 of 5 - 1987 - Copy - Non TC - 1207U,SD_01_02,Moving Image,Hard Drive,Copy: access,1987,
Alice Person - 2 of 5 - 1987 - Copy - Non TC - 1207U,SD_01_02,Moving Image,3/4 inch videotape: U-matic SP,Copy,1987,
Alice Person - 3 of 5 - 1987 - Copy - Non TC - 1208U,SD_01_02,Moving Image,Hard Drive,Copy: preservation,1987,
Alice Person - 3 of 5 - 1987 - Copy - Non TC - 1208U,SD_01_02,Moving Image,Hard Drive,Copy: access,1987,
Alice Person - 3 of 5 - 1987 - Copy - Non TC - 1208U,SD_01_02,Moving Image,3/4 inch videotape: U-matic SP,Copy,1987,
Alice Person - 4 of 5 - 1987 - Copy - Non TC - 1209U,SD_01_02,Moving Image,Hard Drive,Copy: preservation,1987,
Alice Person - 4 of 5 - 1987 - Copy - Non TC - 1209U,SD_01_02,Moving Image,Hard Drive,Copy: access,1987,
Alice Person - 4 of 5 - 1987 - Copy - Non TC - 1209U,SD_01_02,Moving Image,3/4 inch videotape: U-matic SP,Copy,1987,
Alice Person - 5 of 5 - 1987 - Copy - Non TC - 1210U,SD_01_02,Moving Image,Hard Drive,Copy: preservation,1987,
Alice Person - 5 of 5 - 1987 - Copy - Non TC - 1210U,SD_01_02,Moving Image,Hard Drive,Copy: access,1987,
Alice Person - 5 of 5 - 1987 - Copy - Non TC - 1210U,SD_01_02,Moving Image,3/4 inch videotape: U-matic SP,Copy,1987,
Copy - M2 - Tape #1 - Group Interview - Duncan - S. Diamond,SD_01_02,Moving Image,3/4 inch videotape: U-matic SP,Copy,,
M3 - Tape 1 - Group Interview - Duncan,SD_01_02,Moving Image,3/4 inch videotape: U-matic SP,,,
Copy - Duncan - Group Interview - M2 - Tape #2,SD_01_02,Moving Image,3/4 inch videotape: U-matic SP,Copy,,
Vancouver Island - M3 - Tape #2 - Group Interview,SD_01_02,Moving Image,3/4 inch videotape: U-matic SP,,,
M3 - Tape #3 - Group Interview,SD_01_02,Moving Image,3/4 inch videotape: U-matic SP,,,
Vancouver Island - M3 - Tape #4 - Group Interview,SD_01_02,Moving Image,3/4 inch videotape: U-matic SP,,,
Lake Cowichan (Duncan) - M3 - Tape #4 - Group Interview,SD_01_02,Moving Image,3/4 inch videotape: U-matic SP,,,
Vancouver Island - Lk. Cowichan - Group Interview - M3 - Tape #5,SD_01_02,Moving Image,3/4 inch videotape: U-matic SP,,,
Vancouver Island - Lk. Cowichan - Group Inter. - M3 - Tape 6 - Sept. 1988,SD_01_02,Moving Image,3/4 inch videotape: U-matic SP,,1988-09,
Copy - Lake Cowichan - M3 - Tape 6 - Group Interview,SD_01_02,Moving Image,3/4 inch videotape: U-matic SP,Copy,,
Copy - Lk. Cowichan - Group Interview - M2 - Tape #7 - Sept. 29/88,SD_01_02,Moving Image,3/4 inch videotape: U-matic SP,Copy,1988-09-29,
Lk. Cowichan - Grp Interview - M3 - Tape #7,SD_01_02,Moving Image,3/4 inch videotape: U-matic SP,,,
Lake Cowichan - Nirmal Shahi - Part 2 - Tape #8 - Copy - + Group Interview,SD_01_02,Moving Image,3/4 inch videotape: U-matic SP,Copy,,
Dalscog 1,SD_01_02,Moving Image,Hard Drive,Copy: preservation,,
Dalscog 1,SD_01_02,Moving Image,Hard Drive,Copy: access,,
Dalscog 1,SD_01_02,Moving Image,3/4 inch videotape: U-matic SP,,,
Marge Dalskog #2,SD_01_02,Moving Image,Hard Drive,Copy: preservation,,
Marge Dalskog #2,SD_01_02,Moving Image,Hard Drive,Copy: access,,
Marge Dalskog #2,SD_01_02,Moving Image,3/4 inch videotape: U-matic SP,,,
Marg Dalscog #3,SD_01_02,Moving Image,Hard Drive,Copy: preservation,,
Marg Dalscog #3,SD_01_02,Moving Image,Hard Drive,Copy: access,,
Marg Dalscog #3,SD_01_02,Moving Image,3/4 inch videotape: U-matic SP,,,
Marge Dalskog #4,SD_01_02,Moving Image,Hard Drive,Copy: preservation,,
Marge Dalskog #4,SD_01_02,Moving Image,Hard Drive,Copy: access,,
Marge Dalskog #4,SD_01_02,Moving Image,3/4 inch videotape: U-matic SP,,,
Marge Dalskog #4 - Copy,SD_01_02,Moving Image,3/4 inch videotape: U-matic SP,Copy,,
Dalskog #5,SD_01_02,Moving Image,Hard Drive,Copy: preservation,,
Dalskog #5,SD_01_02,Moving Image,Hard Drive,Copy: access,,
Dalskog #5,SD_01_02,Moving Image,3/4 inch videotape: U-matic SP,,,
[Unlabelled],SD_01_02,Moving Image,3/4 inch videotape: U-matic SP,,,
May Martin - Tape 1 - Dub,SD_01_02,Moving Image,3/4 inch videotape: U-matic SP,Dub,1987-09-17,
May Martin #2 - Dub,SD_01_02,Moving Image,3/4 inch videotape: U-matic SP,Dub,1987-09-17,
May Martin - Sept. 17/87 - #3 - Dub,SD_01_02,Moving Image,3/4 inch videotape: U-matic SP,Dub,1987-09-17,
May Martin - Tape #4 - WLHP,SD_01_02,Moving Image,3/4 inch videotape: U-matic SP,,1987-09-17,
May Martin - Sept. 17/87 - WLHP - Dub #5,SD_01_02,Moving Image,3/4 inch videotape: U-matic SP,Dub,1987-09-17,
Nancy Buker - 1 - Worktape - Non TC - Copy - 1253U,SD_01_02,Moving Image,3/4 inch videotape: U-matic SP,Work tapes,1987,
Nancy Buker - 2 - Worktape - Non TC - Copy - 1254U,SD_01_02,Moving Image,3/4 inch videotape: U-matic SP,Work tapes,1987,
Nancy Buker - 3 - Worktape - Non TC - Copy - 1255U,SD_01_02,Moving Image,3/4 inch videotape: U-matic SP,Work tapes,,
Nancy Buker - 4 - Worktape - Non TC - Copy - 1256U,SD_01_02,Moving Image,3/4 inch videotape: U-matic SP,Work tapes,,
Tape 1 - Radio Ads - Orig. - Non TC - Nov 1/87 - Sunday Studio Shoot,SD_01_02,Moving Image,3/4 inch videotape: U-matic SP,Original,1987-11-01,
Marge Dalscog - Copy 1 2 3,SD_01_02,Moving Image,3/4 inch videotape: U-matic,,,
Jo : A Roll - B+W - R. Cut,SD_01_02,Moving Image,3/4 inch videotape: U-matic SP,Rough cut,,
Sync - 'B Roll' - Josephine Charlie,SD_01_02,Moving Image,3/4 inch videotape: U-matic SP,,,
Audio Materials - Josephine - (2 channels),SD_01_02,Moving Image,3/4 inch videotape: U-matic SP,,,
Ruth Bullock #2,SD_01_02,Moving Image,3/4 inch videotape: U-matic SP,,,
Ruth Bullock #3 - Copy - Non T.C. - 1230U,SD_01_02,Moving Image,3/4 inch videotape: U-matic SP,Copy,,
Ruth Bullock - #4 - Copy - Non T.C. - 1231U,SD_01_02,Moving Image,3/4 inch videotape: U-matic SP,Copy,,
Nutall 1,SD_01_02,Moving Image,3/4 inch videotape: U-matic SP,,,
Emily Nuttall - 2 - Worktape - Non TC - Copy - 1220U,SD_01_02,Moving Image,3/4 inch videotape: U-matic SP,Work tapes,,
Emily Nuttall - 3 - Worktape - Non TC - Copy - 1221U,SD_01_02,Moving Image,3/4 inch videotape: U-matic SP,Work tapes,,
Emily Nuttall - 4 - Worktape - Non TC - Copy - 1222U,SD_01_02,Moving Image,3/4 inch videotape: U-matic SP,Work tapes,,
E. Nuttall - Tape #4 - Copy - T.C. - 1222B,SD_01_02,Moving Image,Betacam,Copy,,
Emily Nuttall - Tape 4 - Copy - T.C.,SD_01_02,Moving Image,3/4 inch videotape: U-matic,Copy,,
Emily Nuttall - 5 - Worktape - Non TC - 1223U,SD_01_02,Moving Image,3/4 inch videotape: U-matic SP,Work tapes,,
DUB #1 - Depression Narration in Studio - Dec/87,SD_01_02,Moving Image,3/4 inch videotape: U-matic SP,Dub,1987-12,
Narration Depression - Dub #2 - Non T.C. - 1425U,SD_01_02,Moving Image,3/4 inch videotape: U-matic SP,Dub,,
Dub Tape #4 - Depression Narrative - Studio Dec/87 - TC - Copy - 1422U,SD_01_02,Moving Image,3/4 inch videotape: U-matic SP,Copy,1987-12,
Bill C-54 - 3,SD_01_02,Moving Image,3/4 inch videotape: U-matic SP,,,
Bill C-54 - 4,SD_01_02,Moving Image,3/4 inch videotape: U-matic SP,,1988-02-28,
A-Roll - 8 Red Minutes - Sync - 1400U,SD_01_02,Moving Image,3/4 inch videotape: U-matic SP,,,
"Marge Dalscog - Tapes 1, 2, 3 - Orig. - 722B - T.C.",SD_01_02,Moving Image,Hard Drive,Copy: preservation,,
"Marge Dalscog - Tapes 1, 2, 3 - Orig. - 722B - T.C.",SD_01_02,Moving Image,Hard Drive,Copy: access,,
"Marge Dalscog - Tapes 1, 2, 3 - Orig. - 722B - T.C.",SD_01_02,Moving Image,Betacam,Original,,
"Tapes 1, 2, 3 - Group Int. Duncan - 1st Gen. - M3 - 751B - T.C.",SD_01_02,Moving Image,Hard Drive,Copy: preservation,,
"Tapes 1, 2, 3 - Group Int. Duncan - 1st Gen. - M3 - 751B - T.C.",SD_01_02,Moving Image,Hard Drive,Copy: access,,
"Tapes 1, 2, 3 - Group Int. Duncan - 1st Gen. - M3 - 751B - T.C.",SD_01_02,Moving Image,Betacam,Submaster,,
"Tapes 4, 5, 6 - Group Int. Duncan - 1st Gen. - M3 - 752B - T.C.",SD_01_02,Moving Image,Hard Drive,Copy: preservation,,
"Tapes 4, 5, 6 - Group Int. Duncan - 1st Gen. - M3 - 752B - T.C.",SD_01_02,Moving Image,Hard Drive,Copy: access,,
"Tapes 4, 5, 6 - Group Int. Duncan - 1st Gen. - M3 - 752B - T.C.",SD_01_02,Moving Image,Betacam,Submaster,,
Tape 7 - Group Int. Duncan - 1st Gen. - M3 - T.C. - 756B,SD_01_02,Moving Image,Hard Drive,Copy: preservation,,
Tape 7 - Group Int. Duncan - 1st Gen. - M3 - T.C. - 756B,SD_01_02,Moving Image,Hard Drive,Copy: access,,
Tape 7 - Group Int. Duncan - 1st Gen. - M3 - T.C. - 756B,SD_01_02,Moving Image,Betacam,Submaster,,
"Tapes 1, 2, 3 - Lake Cowichan Group Int. - M2 - 1st Gen. - TC - 754B",SD_01_02,Moving Image,Hard Drive,Copy: preservation,,
"Tapes 1, 2, 3 - Lake Cowichan Group Int. - M2 - 1st Gen. - TC - 754B",SD_01_02,Moving Image,Hard Drive,Copy: access,,
"Tapes 1, 2, 3 - Lake Cowichan Group Int. - M2 - 1st Gen. - TC - 754B",SD_01_02,Moving Image,Betacam,Submaster,,
"Tapes 4, 5, 6 - Lake Cowichan Group Int. - M2 - 1st Gen. - TC - 755B",SD_01_02,Moving Image,Hard Drive,Copy: preservation,,
"Tapes 4, 5, 6 - Lake Cowichan Group Int. - M2 - 1st Gen. - TC - 755B",SD_01_02,Moving Image,Hard Drive,Copy: access,,
"Tapes 4, 5, 6 - Lake Cowichan Group Int. - M2 - 1st Gen. - TC - 755B",SD_01_02,Moving Image,Betacam,Submaster,,
"Tapes 7, 8 - Lk. Cowichan Group - M2 - TC - 753B",SD_01_02,Moving Image,Hard Drive,Copy: preservation,,
"Tapes 7, 8 - Lk. Cowichan Group - M2 - TC - 753B",SD_01_02,Moving Image,Hard Drive,Copy: access,,
"Tapes 7, 8 - Lk. Cowichan Group - M2 - TC - 753B",SD_01_02,Moving Image,Betacam,,,
"Marge Storm - Tapes 1, 2, 3 - Orig. - T.C. - 760B",SD_01_02,Moving Image,Hard Drive,Copy: preservation,,
"Marge Storm - Tapes 1, 2, 3 - Orig. - T.C. - 760B",SD_01_02,Moving Image,Hard Drive,Copy: access,,
"Marge Storm - Tapes 1, 2, 3 - Orig. - T.C. - 760B",SD_01_02,Moving Image,Betacam,Original,,
Lull - Work Tape and Edit Master - 829B,SD_01_02,Moving Image,Betacam,Work tapes,,
East Indian Women Photos - Nirmal - 1990 - 2nd Gen. - NON TC - 794B,SD_01_02,Moving Image,Betacam,Copy,,
LBTS - Tape 1 - Stills - 2nd Gen - TC - 797B1,SD_01_02,Moving Image,Betacam,Copy,,
i Lull BTS - ii Mona Morgan Tape 11 - Orig. - TC - 759Bi,SD_01_02,Moving Image,Hard Drive,Copy: preservation,1989-05,
i Lull BTS - ii Mona Morgan Tape 11 - Orig. - TC - 759Bi,SD_01_02,Moving Image,Betacam,Original,1989-05,
LBTS - Tape 3 - Stills - 2nd Gen. - T.C. - 798B,SD_01_02,Moving Image,Betacam,Copy,,
Betty Griffin - Tape 1 - Orig. - NON TC - 1200U,SD_01_02,Moving Image,Hard Drive,Copy: preservation,,
Betty Griffin - Tape 1 - Orig. - NON TC - 1200U,SD_01_02,Moving Image,Hard Drive,Copy: access,,
Betty Griffin - Tape 1 - Orig. - NON TC - 1200U,SD_01_02,Moving Image,3/4 inch videotape: U-matic SP,Original,,
Betty Griffin - Tape 2 - Orig. - NON TC - 1201U,SD_01_02,Moving Image,Hard Drive,Copy: preservation,,
Betty Griffin - Tape 2 - Orig. - NON TC - 1201U,SD_01_02,Moving Image,Hard Drive,Copy: access,,
Betty Griffin - Tape 2 - Orig. - NON TC - 1201U,SD_01_02,Moving Image,3/4 inch videotape: U-matic SP,Original,,
Gladys Hilland - 1 - Orig. - NON TC - Sept. 14/87 - 1257U,SD_01_02,Moving Image,Hard Drive,Copy: preservation,1987-09-14,
Gladys Hilland - 1 - Orig. - NON TC - Sept. 14/87 - 1257U,SD_01_02,Moving Image,Hard Drive,Copy: access,1987-09-14,
Gladys Hilland - 1 - Orig. - NON TC - Sept. 14/87 - 1257U,SD_01_02,Moving Image,3/4 inch videotape: U-matic SP,Original,1987-09-14,
Gladys Hilland - 3 - Orig. - NON T.C. - Sept. 14/87 - 1259U,SD_01_02,Moving Image,Hard Drive,Copy: preservation,1987-09-14,
Gladys Hilland - 3 - Orig. - NON T.C. - Sept. 14/87 - 1259U,SD_01_02,Moving Image,Hard Drive,Copy: access,1987-09-14,
Gladys Hilland - 3 - Orig. - NON T.C. - Sept. 14/87 - 1259U,SD_01_02,Moving Image,3/4 inch videotape: U-matic SP,Original,1987-09-14,
Gladys Hilland - 4 - Orig. - NON T.C. - 1260U,SD_01_02,Moving Image,Hard Drive,Copy: preservation,1987-09-14,
Gladys Hilland - 4 - Orig. - NON T.C. - 1260U,SD_01_02,Moving Image,Hard Drive,Copy: access,1987-09-14,
Gladys Hilland - 4 - Orig. - NON T.C. - 1260U,SD_01_02,Moving Image,3/4 inch videotape: U-matic SP,Original,1987-09-14,
Gladys Hilland - 5 - Orig. - NON T.C. - 1261U,SD_01_02,Moving Image,Hard Drive,Copy: preservation,1987-09-14,
Gladys Hilland - 5 - Orig. - NON T.C. - 1261U,SD_01_02,Moving Image,Hard Drive,Copy: access,1987-09-14,
Gladys Hilland - 5 - Orig. - NON T.C. - 1261U,SD_01_02,Moving Image,3/4 inch videotape: U-matic SP,Original,1987-09-14,
Johnnie Rankin - Tape 2 - Aug. 31-87 - 1st Gen. - NON TC - 1233U,SD_01_02,Moving Image,Hard Drive,Copy: preservation,1987-08-31,
Johnnie Rankin - Tape 2 - Aug. 31-87 - 1st Gen. - NON TC - 1233U,SD_01_02,Moving Image,Hard Drive,Copy: access,1987-08-31,
Johnnie Rankin - Tape 2 - Aug. 31-87 - 1st Gen. - NON TC - 1233U,SD_01_02,Moving Image,3/4 inch videotape: U-matic SP,Submaster,1987-08-31,
Johnnie Rankin - Tape 3 - Aug. 31-87 - Original - NON TC - 1233Ui,SD_01_02,Moving Image,Hard Drive,Copy: preservation,,
Johnnie Rankin - Tape 3 - Aug. 31-87 - Original - NON TC - 1233Ui,SD_01_02,Moving Image,Hard Drive,Copy: access,,
Johnnie Rankin - Tape 3 - Aug. 31-87 - Original - NON TC - 1233Ui,SD_01_02,Moving Image,3/4 inch videotape: U-matic SP,Original,,
Emily Nuttall - Tape #1 - Master - T.O. - July 87 - 1219U,SD_01_02,Moving Image,Hard Drive,Copy: preservation,1987-07,
Emily Nuttall - Tape #1 - Master - T.O. - July 87 - 1219U,SD_01_02,Moving Image,Hard Drive,Copy: access,1987-07,
Emily Nuttall - Tape #1 - Master - T.O. - July 87 - 1219U,SD_01_02,Moving Image,3/4 inch videotape: U-matic SP,Master,1987-07,
Emily Nuttall - Tape #2 - Master - T.O. - 1220U,SD_01_02,Moving Image,Hard Drive,Copy: preservation,,
Emily Nuttall - Tape #2 - Master - T.O. - 1220U,SD_01_02,Moving Image,Hard Drive,Copy: access,,
Emily Nuttall - Tape #2 - Master - T.O. - 1220U,SD_01_02,Moving Image,3/4 inch videotape: U-matic SP,Master,,
Emily Nuttall - Master - T.O. - #3 - 1221U,SD_01_02,Moving Image,Hard Drive,Copy: preservation,,
Emily Nuttall - Master - T.O. - #3 - 1221U,SD_01_02,Moving Image,Hard Drive,Copy: access,,
Emily Nuttall - Master - T.O. - #3 - 1221U,SD_01_02,Moving Image,3/4 inch videotape: U-matic SP,Master,,
Emily Nuttall - Tape 4 - Master - T.C. - 1222B,SD_01_02,Moving Image,Hard Drive,Copy: preservation,,
Emily Nuttall - Tape 4 - Master - T.C. - 1222B,SD_01_02,Moving Image,Hard Drive,Copy: access,,
Emily Nuttall - Tape 4 - Master - T.C. - 1222B,SD_01_02,Moving Image,3/4 inch videotape: U-matic SP,Master,,
Ruth Bullock - Tape 4 - Orig. - Non TC - 1231U,SD_01_02,Moving Image,Hard Drive,Copy: preservation,,
Ruth Bullock - Tape 4 - Orig. - Non TC - 1231U,SD_01_02,Moving Image,Hard Drive,Copy: access,,
Ruth Bullock - Tape 4 - Orig. - Non TC - 1231U,SD_01_02,Moving Image,3/4 inch videotape: U-matic SP,Original,,
12000 - Lil and June - 1st Gen. - NON TC - 700B,SD_01_02,Moving Image,Hard Drive,Copy: preservation,1989-09-06,
12000 - Lil and June - 1st Gen. - NON TC - 700B,SD_01_02,Moving Image,Hard Drive,Copy: access,1989-09-06,
12000 - Lil and June - 1st Gen. - NON TC - 700B,SD_01_02,Moving Image,Betacam,Submaster,1989-09-06,
13000 - Lil and June - 1st Gen. - NON TC - 701B,SD_01_02,Moving Image,Hard Drive,Copy: preservation,1989-09,
13000 - Lil and June - 1st Gen. - NON TC - 701B,SD_01_02,Moving Image,Hard Drive,Copy: access,1989-09,
13000 - Lil and June - 1st Gen. - NON TC - 701B,SD_01_02,Moving Image,Betacam,Submaster,1989-09,
14000 - Lil and June - 1st Gen. - NON TC - 702B,SD_01_02,Moving Image,Hard Drive,Copy: preservation,1989-09,
14000 - Lil and June - 1st Gen. - NON TC - 702B,SD_01_02,Moving Image,Hard Drive,Copy: access,1989-09,
14000 - Lil and June - 1st Gen. - NON TC - 702B,SD_01_02,Moving Image,Betacam,Submaster,1989-09,
15000 - Lil and June - 1st Gen. - NON TC - 703B,SD_01_02,Moving Image,Hard Drive,Copy: preservation,1989-09,
15000 - Lil and June - 1st Gen. - NON TC - 703B,SD_01_02,Moving Image,Hard Drive,Copy: access,1989-09,
15000 - Lil and June - 1st Gen. - NON TC - 703B,SD_01_02,Moving Image,Betacam,Submaster,1989-09,
16000 - Lil and June - 1st Gen. - NON TC - 704B,SD_01_02,Moving Image,Hard Drive,Copy: preservation,1989-09,
16000 - Lil and June - 1st Gen. - NON TC - 704B,SD_01_02,Moving Image,Hard Drive,Copy: access,1989-09,
16000 - Lil and June - 1st Gen. - NON TC - 704B,SD_01_02,Moving Image,Betacam,Submaster,1989-09,
17000 - Lil and June - 1st Gen. - NON TC - 705B,SD_01_02,Moving Image,Hard Drive,Copy: preservation,1989-09,
17000 - Lil and June - 1st Gen. - NON TC - 705B,SD_01_02,Moving Image,Hard Drive,Copy: access,1989-09,
17000 - Lil and June - 1st Gen. - NON TC - 705B,SD_01_02,Moving Image,Betacam,Submaster,1989-09,
18000 - Lil and June - 1st Gen. - NON TC - 706B,SD_01_02,Moving Image,Hard Drive,Copy: preservation,1989-09,
18000 - Lil and June - 1st Gen. - NON TC - 706B,SD_01_02,Moving Image,Hard Drive,Copy: access,1989-09,
18000 - Lil and June - 1st Gen. - NON TC - 706B,SD_01_02,Moving Image,Betacam,Submaster,1989-09,
00:40 - Lil Godfrey - 1st Gen. - NON TC - 707B,SD_01_02,Moving Image,Hard Drive,Copy: preservation,,
00:40 - Lil Godfrey - 1st Gen. - NON TC - 707B,SD_01_02,Moving Image,Hard Drive,Copy: access,,
00:40 - Lil Godfrey - 1st Gen. - NON TC - 707B,SD_01_02,Moving Image,Betacam,Submaster,,
"Tapes 1, 2, 3 - Mrs. Dley - M3 - 1st Gen. - NON TC - 748B",SD_01_02,Moving Image,Hard Drive,Copy: preservation,,
"Tapes 1, 2, 3 - Mrs. Dley - M3 - 1st Gen. - NON TC - 748B",SD_01_02,Moving Image,Hard Drive,Copy: access,,
"Tapes 1, 2, 3 - Mrs. Dley - M3 - 1st Gen. - NON TC - 748B",SD_01_02,Moving Image,Betacam,Submaster,,
"Tapes 4, 5, 6 - Mrs. Dley - M3 - 1st Gen. NON TC - 749B",SD_01_02,Moving Image,Hard Drive,Copy: preservation,,
"Tapes 4, 5, 6 - Mrs. Dley - M3 - 1st Gen. NON TC - 749B",SD_01_02,Moving Image,Hard Drive,Copy: access,,
"Tapes 4, 5, 6 - Mrs. Dley - M3 - 1st Gen. NON TC - 749B",SD_01_02,Moving Image,Betacam,Submaster,,
"Tapes 7, 8, 9 - Mrs. Dley - M# - 1st Gen. NON T.C. - 750B",SD_01_02,Moving Image,Hard Drive,Copy: preservation,,
"Tapes 7, 8, 9 - Mrs. Dley - M# - 1st Gen. NON T.C. - 750B",SD_01_02,Moving Image,Hard Drive,Copy: access,,
"Tapes 7, 8, 9 - Mrs. Dley - M# - 1st Gen. NON T.C. - 750B",SD_01_02,Moving Image,Betacam,Submaster,,
"Lull Soundtrack - India Song - ""The Ballad of Little India"" - Paul Gregory 1990",SD_01_02,Moving Image,Betacam,,,
Of Mines and Men - 1st Gen. - NON TC - 409B,SD_01_02,Moving Image,Betacam,Submaster,,
i Not Legible - ii West Coast Van Isle Fish'g - iii Van. Isle Work Camps - iv Van Isle Relief Camps - 1st Gen. - NON TC - 414B,SD_01_02,Moving Image,Betacam,Submaster,,
"i Strawberry Growing - ii Vancouver Isle., Keating BC - 2nd Gen. - NON TC - 416B",SD_01_02,Moving Image,Betacam,Copy,,
i Pic's from the 30's - 1st Gen. - 424B,SD_01_02,Moving Image,Betacam,,1991-09-13,
A Friend at the Door - 2nd Gen. - NON TC - 425B,SD_01_02,Moving Image,Betacam,Copy,,
Pemberton Valley (Pt 1 of 3) - 1st Gen. - NON TC,SD_01_02,Moving Image,Betacam,Submaster,,
i Pemberton Valley (Pt 3 of 3) - ii Pulse of a City - 1st Gen. - NON TC - 428B,SD_01_02,Moving Image,Betacam,Submaster,,
B.C. Forest Museum - 10:40 - Orig. - NON T.C. - 438Bi,SD_01_02,Moving Image,Betacam,Original,,
B.C. Forest Museum - 11:40 - Orig. - NON T.C. - 438Bii,SD_01_02,Moving Image,Betacam,Original,,
Peas-Fraser Valley - BC Prov. Archives - 2nd Gen. - NON TC - 441B,SD_01_02,Moving Image,Betacam,Copy,,
i Residue 2 - ii Lady from Shanghai - iii May Day Parade - iv Bats out of Hell - 1st Gen. - NON TC - 442B,SD_01_02,Moving Image,Betacam,Submaster,,
Sal the Dream Gal - BCPA (Pt 1 of 2) - 2nd Gen. - NON TC - 443B,SD_01_02,Moving Image,Betacam,Copy,,
Sal the Dream Gal - BCPA (Pt 2 of 2) - 2nd Gen. - NON TC - 444B,SD_01_02,Moving Image,Betacam,Copy,,
On the Spot - BC Prov Archives - 1st Gen - NON TC - 447B,SD_01_02,Moving Image,Betacam,Submaster,,
Sumas - BC Prov Archives - 2nd Gen - 448B,SD_01_02,Moving Image,Betacam,Copy,,
Your Own Operation - BC Prov Archives - 2nd Gen. - NON TC - 450B,SD_01_02,Moving Image,Betacam,Copy,,
CDN. Army #104 - 2nd Gen. - NON TC - 453B,SD_01_02,Moving Image,Betacam,Copy,,
i Lake Cowichan - June Olsen - ii Sept. '89 - 2nd Gen. - NON TC - 455B,SD_01_02,Moving Image,Hard Drive,Copy: preservation,1989-09,
i Lake Cowichan - June Olsen - ii Sept. '89 - 2nd Gen. - NON TC - 455B,SD_01_02,Moving Image,Hard Drive,Copy: access,1989-09,
i Lake Cowichan - June Olsen - ii Sept. '89 - 2nd Gen. - NON TC - 455B,SD_01_02,Moving Image,Betacam,Copy,1989-09,
Lake Cowichan Area - 2nd Gen. - 465B - NON TC - 456B,SD_01_02,Moving Image,Betacam,Copy,,
Lake Cowichan - Exteriors Pt 1 of 3 - 2nd Gen. - NON TC - 457B,SD_01_02,Moving Image,Betacam,Copy,,
Lake Cowichan Exterior #2 of 3 - 2nd Gen. - NON T.C. - i458B,SD_01_02,Moving Image,Betacam,Copy,,
Lake Cowichan - Forest Museum - 2nd Gen. - NON TC - 460B,SD_01_02,Moving Image,Betacam,Copy,,
i Ornamental Swimming - May Day and Scenes at Salmon Arm 1&2 - 1st Gen. - NON TC - 480B,SD_01_02,Moving Image,Betacam,Submaster,,
Spruce News Reel Story - 1st Gen. - NON TC - 485B,SD_01_02,Moving Image,Betacam,Submaster,,
The Sweet and the Bitter - Pt. 1 of 3 - i486B,SD_01_02,Moving Image,Betacam,,,
29/92 - Women's Labour History Project - Length: 17:20 - June 24/92,SD_01_02,Moving Image,VHS,,1992-06-24,
29/92 - Women's Labour History Project - Length: 17:20 - June 24/92,SD_01_02,Moving Image,VHS,,1992-06-24,
Keeping The Home Fires Burning - Women and the Work in British Columbia - Written and Directed by Sara Diamond - Women's Labour History Project - 1988 - Duration 29min,SD_01_02,Moving Image,VHS,,,
Lull Before the Storm (The Forties) - Part One - Duration 48:05 mins - NTSC,SD_01_02,Moving Image,VHS,,,
The Lull Before the Storm - Written and Directed by Sara Diamond,SD_01_02,Moving Image,VHS,,,
"Wilson, Liz - 3626-1",SD_01_02,Sound,1/4 inch audio cassette,Copy,,
3601-2 - Lil Stoneman,SD_01_02,Sound,1/4 inch audio cassette,,,
Tobacco Women in BC,SD_01_02,Moving Image,Betacam,,,
FTBT Our Daily Bread,SD_01_02,Moving Image,Betacam SP,Dub,,
BC Indians Pt (blank) of 2 - 1st Gen. - NON TC - 401B,SD_01_02,Moving Image,Betacam,Submaster,,
La Peste Rouge - Pt. 1 of 3 - 1st Gen. - NON T.C. - 403B,SD_01_02,Moving Image,Betacam,Submaster,,
La Peste Rouge - Pt. 2 of 3 - 1st Gen. - 404B,SD_01_02,Moving Image,Betacam,Submaster,,
La Peste Rouge - Pt. 3 of 3 - 1st Gen. - NON TC - ii Cold Facts From the Northland (Pt. 1) - 405B,SD_01_02,Moving Image,Betacam,Submaster,,
i Canada's New Deal (w/ audio) - ii The Breadwinner (w/audio) - 2nd Gen. - TC - 2nd Gen. - 407B,SD_01_02,Moving Image,Betacam,Copy,,
i A Job For You - ii Gateway to Asia - iii Hand for the Harvest - 2nd Gen. - NON TC - 408B,SD_01_02,Moving Image,Betacam,Copy,,
Charlie Gordon - 2nd Gen. - 410B,SD_01_02,Moving Image,Betacam,Copy,,
The Mapleville Story - 1st Gen. - NON TC - 411B,SD_01_02,Moving Image,Betacam,Submaster,,
Logging Morgan Lake - 1st Gen. - NON TC - 413B,SD_01_02,Moving Image,Betacam,Submaster,,
ii BC Misc. - 2nd Gen. - i End of Van. Isle. Relief Camps - NON TC - 415B,SD_01_02,Moving Image,Betacam,Copy,,
ii. Kennedy Lake - iii. W. Coast Isle Fishing - 1st Gen. - i. Barclay Sound - NON TC - 417B,SD_01_02,Moving Image,Betacam,Submaster,,
i. Hop Pick'g in the Fraser Valley - ii. Fish and Medicine Man - 2nd Gen. - NON TC - 418B - B.C. Indians at Work,SD_01_02,Moving Image,Betacam,Copy,,
Busy Season in the Lower Fraser Valley - 2nd Gen. - NON TC - 419B - Tobacco Growing,SD_01_02,Moving Image,Betacam,Copy,,
i. Canadian Army #76 - ii. Logging Camps - 2nd Gen. - NON TC - 420B,SD_01_02,Moving Image,Betacam,Copy,,
i. To the Ports of the World Thro Van - ii. Posture - iii. Japanese on the W. Coast - iv. Cadets in Vancouver - 2nd Gen. - NON TC - 421B,SD_01_02,Moving Image,Betacam,,,
i. NFB I Stock Shots (Pt. 1 of 3) - i422B,SD_01_02,Moving Image,Betacam,Dub,,
i. NFB I Stock Shots (Pt. 2 of 3) - ii422B,SD_01_02,Moving Image,Betacam,,,
NFB I Stock Shots (Pt. 3 of 3) - iii422B,SD_01_02,Moving Image,Betacam,,,
i. NFB II Stock Shots 1930s - 2nd Gen. - NON TC - 423B,SD_01_02,Moving Image,Betacam,Copy,,
Pemberton Valley (Pt. 2 of 3) - 1st Gen. - NON T.C. - 427B,SD_01_02,Moving Image,Betacam,Submaster,,
Co-Eds on Skis - BC Prov Archives - NON TC - 439B,SD_01_02,Moving Image,Betacam,,,
Dorothy's Dream House - BCPA - 1st Gen. - NON TC - 440B,SD_01_02,Moving Image,Betacam,Submaster,,
BC Tel - 1st Gen. - NON TC - 451B,SD_01_02,Moving Image,Betacam,Submaster,,
i. CIL Commercial - ii. Her Own Fault - 1st Gen. - What's in a Name - NON TC - 452B,SD_01_02,Moving Image,Betacam,Submaster,,
i. Cold Facts from the Northland - Conclu - ii. To Realize Victoria - iii. The Breadwinner (see 407 w/audio) - 1st Gen. - w/out Audio - TC - 454B,SD_01_02,Moving Image,Betacam,Submaster,,
Japanese Canadians Pt. 1 of 2 - 1st Gen. - NON TC - 470B,SD_01_02,Moving Image,Betacam,Submaster,,
Japanese Canadians Pt. 2 of 2 - 1st Gen. - NON TC - 471B,SD_01_02,Moving Image,Betacam,Submaster,,
Land of Sky Blue Waters - 1st Gen. - NON TC - 473B,SD_01_02,Moving Image,Betacam,Submaster,,
i. May Day & Scenes at Salmon Arm 3&4 - ii. May Day & Scenes at Salmon Arm 5 - iii. Van. Fair 1931 - iv. Can's New Deal - 1st Gen. - NON TC - 476B,SD_01_02,Moving Image,Betacam,Submaster,,
i. News Flashes - ii. A Royal Visit BCPA - 1st Gen. - NON TC - 478B,SD_01_02,Moving Image,Betacam,Submaster,,
How Business Keep Well - 2nd Gen. - NON TC - 522B,SD_01_02,Moving Image,Betacam,Copy,,
Japanese Canadians At Play I - Orig. - T.C. - 557B,SD_01_02,Moving Image,Betacam,Original,,
Japanese Canadians At Play II - Orig. - T.C. - 558B,SD_01_02,Moving Image,Betacam,Original,,
[Unlabelled],SD_01_02,Moving Image,Betacam,,,
i. This Changing World - ii. Children's Aid Society - 1st Gen. - NON TC - 406B,SD_01_02,Moving Image,Betacam,Submaster,,
This Changing World - Children's Aid Society - 406B,SD_01_02,Moving Image,Betacam,Original,,
BC Forest Museum - 1st Gen. - NON TC - 438B,SD_01_02,Moving Image,Betacam,Submaster,,
ii Posture for Poise - ii458B,SD_01_02,Moving Image,Betacam,,,
Lake Cowichan - Exteriors Pt. 3 of 3 - 2nd Gen. - NON TC - 459B,SD_01_02,Moving Image,Betacam,,,
River of Paper Pt. 1&3 of 3 - 1st Gen. - NON TC - 481B,SD_01_02,Moving Image,Betacam,,,
The Sweet and the Bitter - Pt. 2 of 3 - ii486B,SD_01_02,Moving Image,Betacam,,,
The Sweet and the Bitter - Pt. 3 of 3 - 1st Gen. - NON TC - iii486B,SD_01_02,Moving Image,Betacam,Submaster,,
CBC 2 - 1st Gen. - NON TC - 488B,SD_01_02,Moving Image,Betacam,Submaster,,
711Bii - 07:40:00 - Lk. Cowichan + BC Forest Museum,SD_01_02,Moving Image,Betacam,,,
LBTS - Tape 2 Stills - 2nd Gen. - T.C. - 797Bii,SD_01_02,Moving Image,Betacam,Copy,,
LBTS - Tape 4 Stills - 2nd Gen. - T.C. - 799B,SD_01_02,Moving Image,Betacam,Copy,,
LBTS - Tape 6 Stills - 2nd Gen. - T.C. - 802B,SD_01_02,Moving Image,Betacam,Copy,,
LBTS - Tape 7 Stills - 2nd Gen. - T.C. - 803B,SD_01_02,Moving Image,Betacam,Copy,,
LBTS - Tape 9 Stills - 2nd Gen. - T.C. - 805B,SD_01_02,Moving Image,Betacam,Copy,,
LBTS - Tape 10 Stills - 2nd Gen. - T.C. - 806B,SD_01_02,Moving Image,Betacam,Copy,,
LBTS - Tape 11 Stills - 2nd Gen. - T.C. - 807B,SD_01_02,Moving Image,Betacam,Copy,,
LBTS - Tape 13 Stills - 2nd Gen. - T.C. - 809B,SD_01_02,Moving Image,Betacam,Copy,,
LBTS - Tape 14 Stills - 2nd Gen. - T.C. - 810B,SD_01_02,Moving Image,Betacam,Copy,,
LBTS - Tape 17 Stills - 2nd Gen. - T.C. - 813B,SD_01_02,Moving Image,Betacam,Copy,,
LBTS - Tape 18 Stills - 2nd Gen. - T.C. 814B,SD_01_02,Moving Image,Betacam,Copy,,
LBTS - Tape 19 Stills - 2nd Gen. - T.C. - 815B,SD_01_02,Moving Image,Betacam,Copy,,
CCL - Her Own Fault - What's In A Name,SD_01_02,Moving Image,VHS,,,
#1 Songs-Montage - #2 Thematic - #3 Thematic - #4 Character - #5 Women Only,SD_01_02,Moving Image,VHS,,,
1. Bennet Defeats King / Fwd. Canada / Gestern / Royal Can Dragons / May Days Salmon Arm 3-5 / Van Four 1931 Canada's New Deal / Breadwinner / Logging Morg. Lake / Orn. Swim / May Day Salm 1/2 / Pemberton 1/2,SD_01_02,Moving Image,VHS,,,
Jump Street Chapel: 16113 - Stephen J. Cannell Prod Act 391,SD_01_02,Moving Image,VHS,,,
[Unlabelled],SD_01_02,Moving Image,8 mm Hi8 Video,,,
Lull Before the Storm (The Forties) - Part One - Duration 48:05 mins - NTSC,SD_01_02,Moving Image,VHS,,,
Hygiene,SD_01_02,Moving Image,Betacam SP,,,
Tape 1 Tom Whitefoot Collection - 1st Gen. - NON T.C. - i429B,SD_01_02,Moving Image,Betacam,Submaster,,
Tape 2 Tom Whitefoot Collection - 1st Gen. - NON T.C. - ii429B,SD_01_02,Moving Image,Betacam,Submaster,,
Tape 4 Tom Whitefoot Collection - 1st Gen. - NON T.C. - ii430B,SD_01_02,Moving Image,Betacam,Submaster,,
Trees for Tomorrow - BCPA - 1st Gen. - NON T.C. - 449U,SD_01_02,Moving Image,3/4 inch videotape: U-matic,Submaster,,
1950's Stills Mrs. Dley - #1 - 1st Gen. - NON TC - 463B,SD_01_02,Moving Image,Betacam,Submaster,,
1950's Stills - S. Diamond - #1 - 1st Gen. - NON TC - 464B,SD_01_02,Moving Image,Betacam,Submaster,,
"i Our Daily Bread - ii 15"" of ""Our Daily Bread"" - 1st Gen. - NON TC - 492U",SD_01_02,Moving Image,3/4 inch videotape: U-matic,Submaster,,
i Vitamin Wise - ii Tsimshian - iii Cdn. Army 34 - iv Cdn. Army - 2nd Gen. - NON TC - 500U,SD_01_02,Moving Image,3/4 inch videotape: U-matic,Copy,,
NFSTA Fishing Footage & Logging 1930's - 1st Gen. - NON TC - 506U,SD_01_02,Moving Image,3/4 inch videotape: U-matic,Submaster,,
PABC - Lets Go Fishing - 1st Gen. - NON TC - 507U,SD_01_02,Moving Image,3/4 inch videotape: U-matic,Submaster,,
CDN. Portrait 1966 - 1st Gen. - NON TC - 508U,SD_01_02,Moving Image,3/4 inch videotape: U-matic,Submaster,,
i. 1950's Stills #1 - ii. 1950's Stills #2 - iii. 1950's Stills #3 - Mrs. Dley and Family Photos - 1st Gen. - NON TC - 511U,SD_01_02,Moving Image,3/4 inch videotape: U-matic,Submaster,,
FTBT - 1930s - #8 - 12:00:00,SD_01_02,Moving Image,Betacam SP,,,
The Breadwinner (conclusion) - original - T.C. - 407Bi,SD_01_02,Moving Image,Betacam,Original,,
NFB Stock Shots - Original - NON T.C. - 422Uii,SD_01_02,Moving Image,3/4 inch videotape: U-matic,Original,,
i. Bennett Defeats MacKenzie King - ii. Forward Can. - iii. Gestern un Heute - iv. Royal Dragoons Musical Ride - v. Royal Dragoons - 1st Gen. - NON TC - 437B,SD_01_02,Moving Image,Betacam,Submaster,,
Dinner w/ Miss Creden - BCPA - Pt. 1 of 2 - 1st Gen. - NON TC - 445B,SD_01_02,Moving Image,Betacam,Submaster,,
Dinner w/ Miss Creden - BCPA - Pt. 2 of 2 - 1st Gen. - NON TC - 445B,SD_01_02,Moving Image,Betacam,Submaster,,
i. Motors on March - ii. Hands for Harvest (408) - Handle with Care - 1st Gen. - NON TC - 494U,SD_01_02,Moving Image,3/4 inch videotape: U-matic,Submaster,,
Spruce Newsreel - 1st Gen. - NON TC - 499U,SD_01_02,Moving Image,3/4 inch videotape: U-matic,Submaster,,
Lull Before the Storm - Tape #16 - Stills,SD_01_02,Moving Image,Betacam,,,
Tape E Sara w/Lenin 50 yrs of Radio - Copy - NON T.C. - 566U,SD_01_02,Moving Image,Betacam,,,
LBTS - Tape 5 Stills - 2nd Gen. - T.C. - 800B,SD_01_02,Moving Image,Betacam,Copy,,
LBTS - Tape 8 Stills - 2nd Gen. - T.C. - 804B,SD_01_02,Moving Image,Betacam,Copy,,
2nd Section Nun w/ Crucifix - Orig. - Banff - NON TC - 1522U,SD_01_02,Moving Image,3/4 inch videotape: U-matic,Original,1991-06-23,
BC Indians II - (Pt. 1 orig. #521) - 1st Gen. - NON TC - 401U,SD_01_02,Moving Image,3/4 inch videotape: U-matic,Submaster,,
A Friend at the Door - 1st Gen. - NON TC - 425U,SD_01_02,Moving Image,3/4 inch videotape: U-matic,Submaster,,"About BC's Social workers in remote areas of BC - co-produced with BC Ministry of Social Services, Obtained from BC Ministry of Social Services and Housing. Transferred from 16mm."
Daughter's Have Courage! Mothers Take Heart! - I. Josephine Charlie - 1989 - 11:00 - Colour - Stereo - 928U,SD_01_02,Moving Image,3/4 inch videotape: U-matic,Master,,
"Keeping the Home Fires Burning - Written & Directed by Sara Diamond - c. Women's Labour History Project 1988 - 49 minutes - Colour - 3/4"" NTSC",SD_01_02,Moving Image,3/4 inch videotape: U-matic,Copy,,
FTBT - 1930s drama - #12,SD_01_02,Moving Image,Betacam SP,,,
FTBT - ext - waterfront - dry docks,SD_01_02,Moving Image,Betacam SP,,,
FTBT - Rural Scenes,SD_01_02,Moving Image,Betacam SP,,,
FTBT - 1930s - 11.30.00,SD_01_02,Moving Image,Betacam SP,,,
FTBT - 1930s - #10,SD_01_02,Moving Image,Betacam SP,,,
FTBT - 1930s - #15,SD_01_02,Moving Image,Betacam SP,,,
WLHP Stock - FTBT - Mrs. Tagashira - #1,SD_01_02,Moving Image,Hard Drive,Copy: preservation,,
WLHP Stock - FTBT - Mrs. Tagashira - #1,SD_01_02,Moving Image,Hard Drive,Copy: access,,
WLHP Stock - FTBT - Mrs. Tagashira - #1,SD_01_02,Moving Image,Betacam SP,,,
FTBT - Mrs. Tagashira - #3,SD_01_02,Moving Image,Hard Drive,Copy: preservation,,
FTBT - Mrs. Tagashira - #3,SD_01_02,Moving Image,Hard Drive,Copy: access,,
FTBT - Mrs. Tagashira - #3,SD_01_02,Moving Image,Betacam SP,,,
FTBT - E. Fordham - #1,SD_01_02,Moving Image,Hard Drive,Copy: preservation,,
FTBT - E. Fordham - #1,SD_01_02,Moving Image,Hard Drive,Copy: access,,
FTBT - E. Fordham - #1,SD_01_02,Moving Image,Betacam SP,,,
FTBT - E. Fordham - #3,SD_01_02,Moving Image,Hard Drive,Copy: preservation,,
FTBT - E. Fordham - #3,SD_01_02,Moving Image,Hard Drive,Copy: access,,
FTBT - E. Fordham - #3,SD_01_02,Moving Image,Betacam SP,,,
Liz Wilson Audio - 01.12.52.20,SD_01_02,Moving Image,Betacam,,,
"Tap III - Oxford House 0 Tape II - Ballantyne Pier/Burrard Dry Docks - Tape I - Medical Dental Georgia Sinclair Centre + IV, V, VI - WLHP - 1930s",SD_01_02,Moving Image,VHS,,,
"Tapes #7, #8, #9, #10, #11, #12 (Part 1) - 1930s - (Shot Sept. 9, 88) - WLHP",SD_01_02,Moving Image,VHS,,1988-09,Tape #7 - Louise Leaves Home / Domestic Job / Silver Polishing / Tea Service - Tape #8 - Rudnicki's Dining Room - Tape #9 - 1930s Drama Rudnicki - Tape #10 - Old Trains + Sara's House - Tape #11 - Sara's House - Tape #12 - Armchair w/ Clothes (Part 1) - 1930s - Shot Sept. 88 - WLHP
Tapes #12 (Pt. 2) - 1930s - Shot Sept. 88 - WLHP,SD_01_02,Moving Image,VHS,,1988-09,"Tape #12 (Pt. 2) - Armchair w/ Clothes - Magazine - Breakfast - Tape #13 - Picking Plums, Laundryline, looking Out Window - Tape #14 - Letter Writing, Magazines - Tape #15 - Sunrise Market, Powell Street, Ghio Rooms, Powell St. Grounds - Tape #16 - Cont Powell St. Gds + School Yards - Tape #17 - Props + Stills - Pregnancy, Ironing - 1930s (Shot Sept. 88) - WLHP"
"Working TV - #50 - 04/11/96 & #51 11/10/96 - ""Women's March Against Poverty"" - Parts 1 & 2",SD_01_02,Moving Image,VHS,,,
Cold Facts - To Realize Victoria - Hop Picking: Fraser Valley - Tobacco Growing - Busy Season Fraser Valley - Fish + Meds - Sumas - Strawberry Growing/Van Isle - Keating BC - Peas Fraser Valley - CBC 1/2,SD_01_02,Moving Image,VHS,,,
Fire! - Humanity's - Yuchi Oklahoma - The Memory - Worn - Mohawk Quebec - American Center - Apache,SD_01_02,Moving Image,VHS,,,
This Changing World - Children's Aid Society - Peste I - Whitefoot II - NFB Stock Shots - Depression - News Flash - Royal Visit - Lady from Shanghai - May Day (Parade) - Job For You - Gateway to Asia - Hands Harvest - Tsimshian - BC Inds,SD_01_02,Moving Image,VHS,,,
CBC # 3 + 4 - Newsmag,SD_01_02,Moving Image,VHS,,,
PAL,SD_01_02,Moving Image,VHS,,,
Women's Labour History Project - Length 17:20 - Telepost - Film & Video,SD_01_02,Moving Image,VHS,,,29/92
Lull Before the Storm (The Women of the Wood) - Part Three - 48:52,SD_01_02,Moving Image,VHS,,,
Ubiquitous Intelligence - English duration 13:40 - Producer Sara Diamond - Feb/97 - Stereo,SD_01_02,Moving Image,VHS,,1997-02,
VH 8450/30,SD_01_02,Moving Image,VHS,,,
Barclay Sound - Kennedy Lake + W. Van Isl. Fishing - Work Camps - Relief Camps - BC Misc. - Pics 1930s,SD_01_02,Moving Image,VHS,,,
"Fit to Be Tied - Prod: Sara Diamond - Dur: 24min 25sec - April 2, 1995 - NTSC/Stereo",SD_01_02,Moving Image,VHS,,1995-04-02,
"Fit to Be Tied - Prod: Sara Diamond - Dur: 24min 25sec - April 2, 1995 - NTSC/Stereo",SD_01_02,Moving Image,VHS,,1995-04-02,
"Keeping the Home Fires Burning - ""Women & Work in British Columbia"" - Written & Directed by Sara Diamond - 29 minutes",SD_01_02,Moving Image,VHS,,,
"Keeping the Home Fires Burning - 49 minutes - Diamond WLHP 1988 - ""Women, War, Work, and Unions in British Columbia""",SD_01_02,Moving Image,VHS,,,
Leam's Birth Tape - Side 1 - 3 3/4 - Rose Diamond on Mary Diamond,SD_01_02,Sound,1/4 inch audio tape,,,
Lil Stoneman - Side One - Tape Has Problem with Volume Variation,SD_01_02,Sound,1/4 inch audio tape,,,
Mrs. Charlie - Brother - Side 1,SD_01_02,Sound,1/4 inch audio tape,,,
Buster Foster - Copy - Side One; Two,SD_01_02,Sound,1/4 inch audio tape,Copy,,
Myrtle Bergren - Copy - Side 1 & 2,SD_01_02,Sound,1/4 inch audio tape,Copy,,
Anita Andersen - I,SD_01_02,Sound,1/4 inch audio tape,,,
Sara McKinnon - Side 1 & Side 2,SD_01_02,Sound,1/4 inch audio tape,,,
"Working Women Unite Tape - Side 1 - Ellen Barber - 1914-1918 - Laundry workers - Myrtle Bergren - 1920s-1930s - Agricultural Labour - Lil Stoneman - 1930s - Unemployed - Effie Jones - 1930s - Unemployed, Housewives League - Marion Sapich - Organizing - Josephine Charlie - 30s Cannery Workers - Side 2 - Jonnie Rankin - 1940s - Shipyards; Daycare - Gladys Hilland - 1940s - Wood Industry; IWA",SD_01_02,Sound,1/4 inch audio tape,,,
Ruth Bullock - Track 1 - Most of this tape is empty - showed be edited onto reel - so can use tape - Side Four,SD_01_02,Sound,1/4 inch audio tape,,,
Reel One - Reel One: Ruth Bullock - 1930s - Side 2 - Track 4 - 3rd Side - Women's Auxillary - OTEU Attempts To Org - Side One - Depression - Side Three - Burrard Docks - On This Tape,SD_01_02,Sound,1/4 inch audio tape,,,
Ruth Bullock - Sides 1 & 2 - Dubbed Copy - Side One: 1928-1943 - Side Two: 1943 ->,SD_01_02,Sound,1/4 inch audio tape,Dub,,
Ruth Bullock - Reel 2 - Side 2 of Interview - Only One Side Recorded,SD_01_02,Sound,1/4 inch audio tape,,,
Liz Wilson - Edited Copy - Not Final Edit,SD_01_02,Sound,1/4 inch audio tape,,,
Liz Wilson - Liz Wilson - Side 1 & 2 - Original - 2 other copies - Edited r for - Edited Cassette,SD_01_02,Sound,1/4 inch audio tape,,,
Side 1 - Alice Person - Bill White - Sound Montage 1940s - Jonnie Rankin - Upside Down Segments - Hopes & Dreams - Song,SD_01_02,Sound,1/4 inch audio tape,,,
Copy - Alice Person - II,SD_01_02,Sound,1/4 inch audio tape,Copy,,
Mrs. Alice Person - 2nd Reel (take) - Original - Side 1 & 2 : Track 1 - Not for Release,SD_01_02,Sound,1/4 inch audio tape,,,
A. Person - Side One - Alice Person - Track 1 - Side 2 - Track 1 - 1st Take,SD_01_02,Sound,1/4 inch audio tape,,,
Youbou Mill - 544B,SD_01_02,Moving Image,Betacam,,1989-09,
Youbou Mill - 545B,SD_01_02,Moving Image,Betacam,,,
1950s - Stills - S. Diamond - #2 - 1st Gen. - 465B - NON TC,SD_01_02,Moving Image,Betacam,Submaster,,
The Great Potential - 1st Gen. - NON TC - 466B,SD_01_02,Moving Image,Betacam,Submaster,,
Honeymoon Bay - 1st Gen. - NON TC - 467B,SD_01_02,Moving Image,Betacam,Submaster,,
i Honeymoon Bay Mill - ii Nels and June Olsen - 1st Gen. - 468B - NON TC,SD_01_02,Moving Image,Betacam,Submaster,,
i Equal Pay for Women (Promr) - ii CBC/Close-up June 1-1958 - 1st Gen. - NON TC - 469B,SD_01_02,Moving Image,Betacam,Submaster,,
                               ,SD_01_02,Moving Image,Betacam,Submaster,,
Lil Goffrey's Garden - 2nd Gen. - NON TC - 474B,SD_01_02,Moving Image,Betacam,Copy,,
Lil Goffrey - 2nd Gen. - NON TC - 475B,SD_01_02,Moving Image,Betacam,Copy,,
i New Ways with Pork - ii Servons du Porc Frais - 1st Gen. - NON TC - 477B,SD_01_02,Moving Image,Betacam,Submaster,,
Salmon for Food - 1st Gen. - 482B - NON TC,SD_01_02,Moving Image,Betacam SP,Submaster,,
Salmon Cannery - 1st Gen. - NON TC - 483B,SD_01_02,Moving Image,Betacam,Submaster,,
Sikh - 1st Gen. - NON TC - 484B,SD_01_02,Moving Image,Betacam,Submaster,,
CBC 1 - 1st Gen. - NON TC - 487B,SD_01_02,Moving Image,Betacam,Submaster,,
CBC 3 - 1st Gen. - NON TC - 489B,SD_01_02,Moving Image,Betacam,Submaster,,
CBC 4 - 1st Gen. - NON TC - 490B,SD_01_02,Moving Image,Betacam,Submaster,,
Cayuse - 14:40:00 - T.C. - 573B,SD_01_02,Moving Image,Betacam,,,
Cayuse + Draper Hill - 15:40:00 - T.C. - 574B,SD_01_02,Moving Image,Betacam,,,
Fit to be Tied - Ext #1- Pier 1 Marine View Deck - 16:30:00,SD_01_02,Moving Image,Betacam,,,
Fit to be Tied - 1930s #1- Medical - 17:00:00,SD_01_02,Moving Image,Betacam,,,
FTBT - 1930s - #2 - 13:30:00,SD_01_02,Moving Image,Betacam SP,,,
FTBT - 1930s - #2 - 14:30:00,SD_01_02,Moving Image,Betacam SP,,,
Fit To Be Tied - 1930s - #3,SD_01_02,Moving Image,Betacam,,,
Fit to be Tied - 1930s - #4,SD_01_02,Moving Image,Betacam,,,
FTBT - 1930s - #5 - 14:00:00,SD_01_02,Moving Image,Betacam SP,,,
FTBT - 1930s - #7,SD_01_02,Moving Image,Betacam SP,,,
FTBT - 1930s - #11,SD_01_02,Moving Image,Betacam SP,,,
Fit to be Tied - Stills - #20,SD_01_02,Moving Image,Betacam,,,
Fit to be Tied - Stills - #20,SD_01_02,Moving Image,Betacam,,,
Fit to be Tied - Stills - #21,SD_01_02,Moving Image,Betacam,,,
Fit to be Tied - Stills - #22,SD_01_02,Moving Image,Betacam,,,
Fit to be Tied - Stills - #23 - Depression - 20:30:00,SD_01_02,Moving Image,Betacam,,,
"Fit to be Tied - Stills - #26 - 1930s, magazines - 21:30:00",SD_01_02,Moving Image,Betacam,,,
FTBT - 1930s - Props - 13:00:00,SD_01_02,Moving Image,Betacam SP,,,
Drama 18 - FTBT - Cover - Cenotaph - 12:30:00,SD_01_02,Moving Image,Betacam SP,,,
FTBT - 1930s - Ext,SD_01_02,Moving Image,Betacam SP,,,
FTBT - Prt 2-3,SD_01_02,Moving Image,Betacam SP,,,
FTBT - Prt 4-5-6-7,SD_01_02,Moving Image,Betacam SP,,,
FTBT - 1930s - Drama - #9 - Rudnicki's,SD_01_02,Moving Image,Betacam SP,,,
BC Apples Jingle - Audio + B Reel,SD_01_02,Moving Image,Betacam SP,,,
Vitamin Wise - 1st Gen. - NON TC - 402B,SD_01_02,Moving Image,Betacam,Submaster,,
Trees for Tomorrow - BCPA - 2nd Gen. - NON T.C. - 449U,SD_01_02,Moving Image,Betacam,Dub,,
FTBT - Prt 8 + 9,SD_01_02,Moving Image,Betacam SP,,,
FTBT VI,SD_01_02,Moving Image,Betacam SP,,,
B Reel for Master Assemble - Fit to be Tied,SD_01_02,Moving Image,Betacam SP,,,
i) Stills - 1930s #28 - ii) Stills 1950s #29 - 00:23:44:0,SD_01_02,Moving Image,Betacam SP,,,
Stills from 1930s - #30,SD_01_02,Moving Image,Betacam SP,,,
i. Tsimshian Indians - ii. B.C. Indians - Pt. 1 of 2 - 1st Gen. - NON TC - 400B,SD_01_02,Moving Image,Betacam,,,
Vancouver Diamond Jubilee - NON TC - 412B,SD_01_02,Moving Image,Betacam,,,
Lil Godfrey - 1st Gen. - NON TC - 708B,SD_01_02,Moving Image,Hard Drive,Copy: preservation,,
Lil Godfrey - 1st Gen. - NON TC - 708B,SD_01_02,Moving Image,Hard Drive,Copy: access,,
Lil Godfrey - 1st Gen. - NON TC - 708B,SD_01_02,Moving Image,Betacam,Submaster,,
Lil Godfrey - 1st Gen. - NON TC - 709B,SD_01_02,Moving Image,Hard Drive,Copy: preservation,,
Lil Godfrey - 1st Gen. - NON TC - 709B,SD_01_02,Moving Image,Hard Drive,Copy: access,,
Lil Godfrey - 1st Gen. - NON TC - 709B,SD_01_02,Moving Image,Betacam,Submaster,,
Irene Seed - 1st Gen. - NON TC - 710B,SD_01_02,Moving Image,Hard Drive,Copy: preservation,,
Irene Seed - 1st Gen. - NON TC - 710B,SD_01_02,Moving Image,Hard Drive,Copy: access,,
Irene Seed - 1st Gen. - NON TC - 710B,SD_01_02,Moving Image,Betacam,Submaster,,
Irene Seed - 1st Gen. - NON TC - 711B,SD_01_02,Moving Image,Hard Drive,Copy: preservation,,
Irene Seed - 1st Gen. - NON TC - 711B,SD_01_02,Moving Image,Hard Drive,Copy: access,,
Irene Seed - 1st Gen. - NON TC - 711B,SD_01_02,Moving Image,Betacam,Submaster,,
Irene Seed - 1st Gen. - NON TC - 712B,SD_01_02,Moving Image,Hard Drive,Copy: preservation,,
Irene Seed - 1st Gen. - NON TC - 712B,SD_01_02,Moving Image,Hard Drive,Copy: access,,
Irene Seed - 1st Gen. - NON TC - 712B,SD_01_02,Moving Image,Betacam,Submaster,,
Tape Two - Eileen Sufrin - May '89 - 1st Gen. - NON TC - 714B,SD_01_02,Moving Image,Hard Drive,Copy: preservation,1989-05,
Tape Two - Eileen Sufrin - May '89 - 1st Gen. - NON TC - 714B,SD_01_02,Moving Image,Hard Drive,Copy: access,1989-05,
Tape Two - Eileen Sufrin - May '89 - 1st Gen. - NON TC - 714B,SD_01_02,Moving Image,Betacam,Submaster,1989-05,
E. Nuttall - Tape 5 - Master - T.C. - 1223U,SD_01_02,Moving Image,Hard Drive,Copy: preservation,,
E. Nuttall - Tape 5 - Master - T.C. - 1223U,SD_01_02,Moving Image,Hard Drive,Copy: access,,
E. Nuttall - Tape 5 - Master - T.C. - 1223U,SD_01_02,Moving Image,3/4 inch videotape: U-matic,Master,,
Nancy Bucker - Tape 2 - Sept 16-87 - 1st Gen. - NON TC - 1235U,SD_01_02,Moving Image,Hard Drive,Copy: preservation,1987-09-16,
Nancy Bucker - Tape 2 - Sept 16-87 - 1st Gen. - NON TC - 1235U,SD_01_02,Moving Image,Hard Drive,Copy: access,1987-09-16,
Nancy Bucker - Tape 2 - Sept 16-87 - 1st Gen. - NON TC - 1235U,SD_01_02,Moving Image,3/4 inch videotape: U-matic,Submaster,1987-09-16,
Nancy Bucker - Tape 3 - Sept 16-87 - 1st Gen. - NON TC - 1236U,SD_01_02,Moving Image,Hard Drive,Copy: preservation,1987-09-16,
Nancy Bucker - Tape 3 - Sept 16-87 - 1st Gen. - NON TC - 1236U,SD_01_02,Moving Image,Hard Drive,Copy: access,1987-09-16,
Nancy Bucker - Tape 3 - Sept 16-87 - 1st Gen. - NON TC - 1236U,SD_01_02,Moving Image,3/4 inch videotape: U-matic,Submaster,1987-09-16,
Nancy Bucker - Tape 4 - Oct 10-87 - 1st Gen. - NON TC - 1237U,SD_01_02,Moving Image,Hard Drive,Copy: preservation,1987-10-10,
Nancy Bucker - Tape 4 - Oct 10-87 - 1st Gen. - NON TC - 1237U,SD_01_02,Moving Image,Hard Drive,Copy: access,1987-10-10,
Nancy Bucker - Tape 4 - Oct 10-87 - 1st Gen. - NON TC - 1237U,SD_01_02,Moving Image,3/4 inch videotape: U-matic,Submaster,1987-10-10,
Fit to be Tied - Audio - Effie Jones,SD_01_02,Moving Image,Betacam,,,
Fit to be Tied - Ruth Bullock #1,SD_01_02,Moving Image,Hard Drive,Copy: preservation,,
Fit to be Tied - Ruth Bullock #1,SD_01_02,Moving Image,Hard Drive,Copy: access,,
Fit to be Tied - Ruth Bullock #1,SD_01_02,Moving Image,Betacam,,,
FTBT #2 - Ruth Bullock - WLHP Stock,SD_01_02,Moving Image,Hard Drive,Copy: preservation,,
FTBT #2 - Ruth Bullock - WLHP Stock,SD_01_02,Moving Image,Hard Drive,Copy: access,,
FTBT #2 - Ruth Bullock - WLHP Stock,SD_01_02,Moving Image,Betacam SP,,,
FTBT - Ruth Bullock #3,SD_01_02,Moving Image,Hard Drive,Copy: preservation,,
FTBT - Ruth Bullock #3,SD_01_02,Moving Image,Hard Drive,Copy: access,,
FTBT - Ruth Bullock #3,SD_01_02,Moving Image,Betacam SP,,,
Fit to be Tied - Lil Stoneman - Audio,SD_01_02,Moving Image,Betacam,,,
FTBT - Alice Person #1 - WLHP Stock,SD_01_02,Moving Image,Hard Drive,Copy: preservation,,
FTBT - Alice Person #1 - WLHP Stock,SD_01_02,Moving Image,Hard Drive,Copy: access,,
FTBT - Alice Person #1 - WLHP Stock,SD_01_02,Moving Image,Betacam SP,,,
WLHP Stock - FTBT - Alice Person #2,SD_01_02,Moving Image,Hard Drive,Copy: preservation,,
WLHP Stock - FTBT - Alice Person #2,SD_01_02,Moving Image,Hard Drive,Copy: access,,
WLHP Stock - FTBT - Alice Person #2,SD_01_02,Moving Image,Betacam SP,,,
Fit to be Tied - Alice Person #5,SD_01_02,Moving Image,Hard Drive,Copy: preservation,,
Fit to be Tied - Alice Person #5,SD_01_02,Moving Image,Hard Drive,Copy: access,,
Fit to be Tied - Alice Person #5,SD_01_02,Moving Image,Betacam,,,
FTBT - Jean Shiels - #1,SD_01_02,Moving Image,Hard Drive,Copy: preservation,,
FTBT - Jean Shiels - #1,SD_01_02,Moving Image,Hard Drive,Copy: access,,
FTBT - Jean Shiels - #1,SD_01_02,Moving Image,Betacam SP,,,
FTBT - Jean Shiels - #2,SD_01_02,Moving Image,Hard Drive,Copy: preservation,,
FTBT - Jean Shiels - #2,SD_01_02,Moving Image,Hard Drive,Copy: access,,
FTBT - Jean Shiels - #2,SD_01_02,Moving Image,Betacam SP,,,
Fit to be Tied - Jean Shiels - #4,SD_01_02,Moving Image,Hard Drive,Copy: preservation,,
Fit to be Tied - Jean Shiels - #4,SD_01_02,Moving Image,Hard Drive,Copy: access,,
Fit to be Tied - Jean Shiels - #4,SD_01_02,Moving Image,Betacam,,,
FTBT - #1 - Jean Scott - WLHP Stock,SD_01_02,Moving Image,Hard Drive,Copy: preservation,,
FTBT - #1 - Jean Scott - WLHP Stock,SD_01_02,Moving Image,Hard Drive,Copy: access,,
FTBT - #1 - Jean Scott - WLHP Stock,SD_01_02,Moving Image,Betacam SP,,,
FTBT - Tape 2 - Jean Scott - WLHP Stock,SD_01_02,Moving Image,Hard Drive,Copy: preservation,,
FTBT - Tape 2 - Jean Scott - WLHP Stock,SD_01_02,Moving Image,Hard Drive,Copy: access,,
FTBT - Tape 2 - Jean Scott - WLHP Stock,SD_01_02,Moving Image,Betacam SP,,,
WLHP Stock - FTBT - Mrs. Tagashira - #2,SD_01_02,Moving Image,Hard Drive,Copy: preservation,,
WLHP Stock - FTBT - Mrs. Tagashira - #2,SD_01_02,Moving Image,Hard Drive,Copy: access,,
WLHP Stock - FTBT - Mrs. Tagashira - #2,SD_01_02,Moving Image,Betacam SP,,,
FTBT - E. Fordham - #2,SD_01_02,Moving Image,Hard Drive,Copy: preservation,,
FTBT - E. Fordham - #2,SD_01_02,Moving Image,Hard Drive,Copy: access,,
FTBT - E. Fordham - #2,SD_01_02,Moving Image,Betacam SP,,,
Betty Griffin - Tape 3 - Orig. - NON TC - 1202U,SD_01_02,Moving Image,Hard Drive,Copy: preservation,,
Betty Griffin - Tape 3 - Orig. - NON TC - 1202U,SD_01_02,Moving Image,Hard Drive,Copy: access,,
Betty Griffin - Tape 3 - Orig. - NON TC - 1202U,SD_01_02,Moving Image,3/4 inch videotape: U-matic,Original,,
Johnnie Rankin - Tape 1 - Aug 31-87 - 1st Gen. - NON TC - 1232U,SD_01_02,Moving Image,Hard Drive,Copy: preservation,1987-08-31,
Johnnie Rankin - Tape 1 - Aug 31-87 - 1st Gen. - NON TC - 1232U,SD_01_02,Moving Image,Hard Drive,Copy: access,1987-08-31,
Johnnie Rankin - Tape 1 - Aug 31-87 - 1st Gen. - NON TC - 1232U,SD_01_02,Moving Image,3/4 inch videotape: U-matic,Submaster,1987-08-31,
Nancy Bucker - Tape 1 - Sept 16/87 - 1st Gen. - NON TC - 1234U,SD_01_02,Moving Image,Hard Drive,Copy: preservation,1987-09-16,
Nancy Bucker - Tape 1 - Sept 16/87 - 1st Gen. - NON TC - 1234U,SD_01_02,Moving Image,Hard Drive,Copy: access,1987-09-16,
Nancy Bucker - Tape 1 - Sept 16/87 - 1st Gen. - NON TC - 1234U,SD_01_02,Moving Image,3/4 inch videotape: U-matic,Original,1987-09-16,
Mary Martin - Tape 1 - Sept 17-87 - 1st Gen. - 1238U,SD_01_02,Moving Image,Hard Drive,Copy: preservation,1987-09-17,
Mary Martin - Tape 1 - Sept 17-87 - 1st Gen. - 1238U,SD_01_02,Moving Image,Hard Drive,Copy: access,1987-09-17,
Mary Martin - Tape 1 - Sept 17-87 - 1st Gen. - 1238U,SD_01_02,Moving Image,3/4 inch videotape: U-matic,Original,1987-09-17,
Mary Martin - Tape 2 - Sept 17-87 - 1st Gen. - 1239U,SD_01_02,Moving Image,Hard Drive,Copy: preservation,1987-09-17,
Mary Martin - Tape 2 - Sept 17-87 - 1st Gen. - 1239U,SD_01_02,Moving Image,Hard Drive,Copy: access,1987-09-17,
Mary Martin - Tape 2 - Sept 17-87 - 1st Gen. - 1239U,SD_01_02,Moving Image,3/4 inch videotape: U-matic,Original,1987-09-17,
Mary Martin - Tape 3 - Sept 17-97 - 1st Gen. - NON TC - 1240U,SD_01_02,Moving Image,Hard Drive,Copy: preservation,1987-09-17,
Mary Martin - Tape 3 - Sept 17-97 - 1st Gen. - NON TC - 1240U,SD_01_02,Moving Image,Hard Drive,Copy: access,1987-09-17,
Mary Martin - Tape 3 - Sept 17-97 - 1st Gen. - NON TC - 1240U,SD_01_02,Moving Image,3/4 inch videotape: U-matic,Original,1987-09-17,
Mary Martin - Tape 4 - Sept 17-87 - 1st Gen. - 1241U,SD_01_02,Moving Image,Hard Drive,Copy: preservation,1987-09-17,
Mary Martin - Tape 4 - Sept 17-87 - 1st Gen. - 1241U,SD_01_02,Moving Image,Hard Drive,Copy: access,1987-09-17,
Mary Martin - Tape 4 - Sept 17-87 - 1st Gen. - 1241U,SD_01_02,Moving Image,3/4 inch videotape: U-matic,Original,1987-09-17,
Mary Martin - Tape 5 - Sept 17-87 - 1st Gen. - NON TC - 1242U,SD_01_02,Moving Image,Hard Drive,Copy: preservation,1987-09-17,
Mary Martin - Tape 5 - Sept 17-87 - 1st Gen. - NON TC - 1242U,SD_01_02,Moving Image,Hard Drive,Copy: access,1987-09-17,
Mary Martin - Tape 5 - Sept 17-87 - 1st Gen. - NON TC - 1242U,SD_01_02,Moving Image,3/4 inch videotape: U-matic,Original,1987-09-17,
Gladys Hillard - 2 - Orig. - NON TC - Sept 14/87 - 1258U,SD_01_02,Moving Image,Hard Drive,Copy: preservation,1987-09-14,
Gladys Hillard - 2 - Orig. - NON TC - Sept 14/87 - 1258U,SD_01_02,Moving Image,Hard Drive,Copy: access,1987-09-14,
Gladys Hillard - 2 - Orig. - NON TC - Sept 14/87 - 1258U,SD_01_02,Moving Image,3/4 inch videotape: U-matic,Original,1987-09-14,
Tape One - Eileen Sufrin - May '89 - 1st Gen. - NON TC - 713B,SD_01_02,Moving Image,Hard Drive,Copy: preservation,1989-05,
Tape One - Eileen Sufrin - May '89 - 1st Gen. - NON TC - 713B,SD_01_02,Moving Image,Hard Drive,Copy: access,1989-05,
Tape One - Eileen Sufrin - May '89 - 1st Gen. - NON TC - 713B,SD_01_02,Moving Image,Betacam,Original,1989-05,
Tape Three - Eileen Sufrin - May '89 - 1st Gen. - NON TC - 715B,SD_01_02,Moving Image,Hard Drive,Copy: preservation,1989-05,
Tape Three - Eileen Sufrin - May '89 - 1st Gen. - NON TC - 715B,SD_01_02,Moving Image,Hard Drive,Copy: access,1989-05,
Tape Three - Eileen Sufrin - May '89 - 1st Gen. - NON TC - 715B,SD_01_02,Moving Image,Betacam,Original,1989-05,
Tape Four - Eileen Sufrin - May '89 - 1st Gen. - NON TC - 716B,SD_01_02,Moving Image,Hard Drive,Copy: preservation,1989-05,
Tape Four - Eileen Sufrin - May '89 - 1st Gen. - NON TC - 716B,SD_01_02,Moving Image,Hard Drive,Copy: access,1989-05,
Tape Four - Eileen Sufrin - May '89 - 1st Gen. - NON TC - 716B,SD_01_02,Moving Image,Betacam,Original,1989-05,
Tape #4 - Marge Dalskog - Mar. 17  '90 - 2nd Gen. - NON TC - 717B,SD_01_02,Moving Image,Hard Drive,Copy: preservation,1990-03-17,
Tape #4 - Marge Dalskog - Mar. 17  '90 - 2nd Gen. - NON TC - 717B,SD_01_02,Moving Image,Hard Drive,Copy: access,1990-03-17,
Tape #4 - Marge Dalskog - Mar. 17  '90 - 2nd Gen. - NON TC - 717B,SD_01_02,Moving Image,Betacam,Submaster,1990-03-17,
Tape #5 - Marge Dalskog - Mar. 17 '90 - 2nd Gen. - NON TC - 718B,SD_01_02,Moving Image,Hard Drive,Copy: preservation,1990-03-17,
Tape #5 - Marge Dalskog - Mar. 17 '90 - 2nd Gen. - NON TC - 718B,SD_01_02,Moving Image,Hard Drive,Copy: access,1990-03-17,
Tape #5 - Marge Dalskog - Mar. 17 '90 - 2nd Gen. - NON TC - 718B,SD_01_02,Moving Image,Betacam,Submaster,1990-03-17,
Tape 4 - Marge Storm - Mar. 18 - 2nd Gen. - 719B,SD_01_02,Moving Image,Hard Drive,Copy: preservation,,
Tape 4 - Marge Storm - Mar. 18 - 2nd Gen. - 719B,SD_01_02,Moving Image,Hard Drive,Copy: access,,
Tape 4 - Marge Storm - Mar. 18 - 2nd Gen. - 719B,SD_01_02,Moving Image,Betacam,Submaster,,
20:00 - June Olsen - 1st Gen. - T.C. - 720B,SD_01_02,Moving Image,Hard Drive,Copy: preservation,,
20:00 - June Olsen - 1st Gen. - T.C. - 720B,SD_01_02,Moving Image,Hard Drive,Copy: access,,
20:00 - June Olsen - 1st Gen. - T.C. - 720B,SD_01_02,Moving Image,Betacam,Original,,
Tape #5 - Mona Morgan - May 1989 - 1st Gen. - NON TC - 730B,SD_01_02,Moving Image,Hard Drive,Copy: preservation,1989-05,
Tape #5 - Mona Morgan - May 1989 - 1st Gen. - NON TC - 730B,SD_01_02,Moving Image,Hard Drive,Copy: access,1989-05,
Tape #5 - Mona Morgan - May 1989 - 1st Gen. - NON TC - 730B,SD_01_02,Moving Image,Betacam,Original,1989-05,
Tape #6 - Mona Morgan - May 1989 - 1st Gen. - NON TC - 731B,SD_01_02,Moving Image,Hard Drive,Copy: preservation,1989-05,
Tape #6 - Mona Morgan - May 1989 - 1st Gen. - NON TC - 731B,SD_01_02,Moving Image,Hard Drive,Copy: access,1989-05,
Tape #6 - Mona Morgan - May 1989 - 1st Gen. - NON TC - 731B,SD_01_02,Moving Image,Betacam,Original,1989-05,
Tape #7 - Mona Morgan - May 1989 - 1st Gen. - NON TC - 732B,SD_01_02,Moving Image,Hard Drive,Copy: preservation,1989-05,
Tape #7 - Mona Morgan - May 1989 - 1st Gen. - NON TC - 732B,SD_01_02,Moving Image,Hard Drive,Copy: access,1989-05,
Tape #7 - Mona Morgan - May 1989 - 1st Gen. - NON TC - 732B,SD_01_02,Moving Image,Betacam,Original,1989-05,
Tape #8 - Mona Morgan - May 1989 - 1st Gen. - NON TC - 733B,SD_01_02,Moving Image,Hard Drive,Copy: preservation,1989-05,
Tape #8 - Mona Morgan - May 1989 - 1st Gen. - NON TC - 733B,SD_01_02,Moving Image,Hard Drive,Copy: access,1989-05,
Tape #8 - Mona Morgan - May 1989 - 1st Gen. - NON TC - 733B,SD_01_02,Moving Image,Betacam,Original,1989-05,
Tape #9 - Mona Morgan - May 1989 - 1st Gen. - NON TC - 734B,SD_01_02,Moving Image,Hard Drive,Copy: preservation,1989-05,
Tape #9 - Mona Morgan - May 1989 - 1st Gen. - NON TC - 734B,SD_01_02,Moving Image,Hard Drive,Copy: access,1989-05,
Tape #9 - Mona Morgan - May 1989 - 1st Gen. - NON TC - 734B,SD_01_02,Moving Image,Betacam,Original,1989-05,
Tape #10 - Mona Morgan - May 1989 - 1st Gen. - NON TC - 735B,SD_01_02,Moving Image,Hard Drive,Copy: preservation,1989-05,
Tape #10 - Mona Morgan - May 1989 - 1st Gen. - NON TC - 735B,SD_01_02,Moving Image,Hard Drive,Copy: access,1989-05,
Tape #10 - Mona Morgan - May 1989 - 1st Gen. - NON TC - 735B,SD_01_02,Moving Image,Betacam,Original,1989-05,
"Morgan, Mona - 4271-14",SD_01_02,Sound,Audio cassette,Copy,,
"Morgan, Mona - 4271-14",SD_01_02,Sound,Audio cassette,Copy,,
"Morgan, Mona - 4271-13",SD_01_02,Sound,Audio cassette,Copy,,
"Morgan, Mona - 4271-13",SD_01_02,Sound,Audio cassette,Copy,,
Mona Morgan III,SD_01_02,Sound,Audio cassette,Copy,,
"Charlie, Josephine - 3608-3",SD_01_02,Sound,Audio cassette,Copy,,
"Charlie, Josephine - 3608-2, A+B",SD_01_02,Sound,Audio cassette,Copy,,
John Stanton Cont'd Ming Mill Ons[?] in Trail,SD_01_02,Sound,Audio cassette,Copy,,
"Morgan, Mona - 4271-11",SD_01_02,Sound,Audio cassette,Copy,,
"Morgan, Mona - 4271-11",SD_01_02,Sound,Audio cassette,Copy,,
"3612-1 Hallock, J",SD_01_02,Sound,Audio cassette,Copy,,
"3612-1 Hallock, J",SD_01_02,Sound,Audio cassette,Copy,,
"3621-1 - Sarich, Marion",SD_01_02,Sound,Audio cassette,Copy,,
"3621-2 - Sarich, Marion",SD_01_02,Sound,Audio cassette,Copy,,
"3621-3 - Sarich, Marion",SD_01_02,Sound,Audio cassette,Copy,,
"Stewart, Barbary - 3623-1",SD_01_02,Sound,Audio cassette,Copy,,
"Griffen, Betty - 4271-22",SD_01_02,Sound,Audio cassette,Copy,,
"Griffen, Betty - 4271-22",SD_01_02,Sound,Audio cassette,Copy,,
"Stefani, Lubi - 4271-18",SD_01_02,Sound,Audio cassette,Copy,,
"Stefani, Lubi - 4271-18",SD_01_02,Sound,Audio cassette,Copy,,
Luby Stefani - copy,SD_01_02,Sound,Audio cassette,Copy,,
"3607-1 - Barber, Ellen",SD_01_02,Sound,Audio cassette,Copy,,
"3607-3 - Barber, Ellen",SD_01_02,Sound,Audio cassette,Copy,,
"Charlie, Josephine - Sides 1+2",SD_01_02,Sound,Audio cassette,Original,,
"Charlie, Josephine - side 3",SD_01_02,Sound,Audio cassette,Original,,
"3608-1 Charlie, Josephine",SD_01_02,Sound,Audio cassette,Copy,,
"McKinnon, Sara - PABC - 3612-1",SD_01_02,Sound,Audio cassette,Copy,,
"Buster, Foster - 3597-2",SD_01_02,Sound,Audio cassette,Copy,,
3597-1 - Buster Foster,SD_01_02,Sound,Audio cassette,Copy,,
"Fordham, Elizabeth J. 4271-8",SD_01_02,Sound,Audio cassette,Copy,,
"Fordham, Elizabeth J. 4271-8",SD_01_02,Sound,Audio cassette,Copy,,
"McKinnon, Sara - 3614-2",SD_01_02,Sound,Audio cassette,Copy,,
3598-2 Phyllis Whisker,SD_01_02,Sound,Audio cassette,Copy,,
"Judd, Janet  -  3591-1",SD_01_02,Sound,Audio cassette,Copy,,
"Judd, Janet  -  3591-2",SD_01_02,Sound,Audio cassette,Copy,,
"4271:26 Buker, Nancy",SD_01_02,Sound,Audio cassette,Copy,,
B. Soulderholm,SD_01_02,Sound,Audio cassette,Copy,,
Anna Arthur,SD_01_02,Sound,Audio cassette,Original,,
"Foster, Buster 4271-27",SD_01_02,Sound,Audio cassette,Copy,,
"Foster, Buster 4271-27",SD_01_02,Sound,Audio cassette,Copy,,
"Sheard, Edna  -  4271-15",SD_01_02,Sound,Audio cassette,Copy,,
"Sheard, Edna  -  4271-15",SD_01_02,Sound,Audio cassette,Copy,,
"Sheard, Edna  -  Copies 1+2",SD_01_02,Sound,Audio cassette,Copy,,
"Sheard, Edna 4271-16",SD_01_02,Sound,Audio cassette,Copy,,
"Sheard, Edna  4271-16",SD_01_02,Sound,Audio cassette,Copy,,
"Vaselener, Eva  3590-1",SD_01_02,Sound,Audio cassette,Copy,,
"Person, Alice/Barber, Ellen",SD_01_02,Sound,Audio cassette,Original,,
"Fordham, Elizabeth J. 4271-7",SD_01_02,Sound,Audio cassette,Copy,,
"Fordham, Elizabeth J. 4271-7",SD_01_02,Sound,Audio cassette,Copy,,
3602-1  -  Myrtle Bergren,SD_01_02,Sound,Audio cassette,Copy,,
3595-2  -  Jean Scott,SD_01_02,Sound,Audio cassette,Copy,,
Mona Morgan - 1 copy,SD_01_02,Sound,Audio cassette,Copy,,
3598-1 Phyllis + R. C. Whisker,SD_01_02,Sound,Audio cassette,Copy,,
"3612-1 Hallock, J.",SD_01_02,Sound,Audio cassette,Copy,,
"3612-2 Hallock, J.",SD_01_02,Sound,Audio cassette,Copy,,
"3612-2 Hallock, J.",SD_01_02,Sound,Audio cassette,Copy,,
"Greenwell, Betty  -  4271-5",SD_01_02,Sound,Audio cassette,Copy,,
"Greenwell, Betty  -  4271-5",SD_01_02,Sound,Audio cassette,Copy,,
"Greenwell, Betty  -  4271-6",SD_01_02,Sound,Audio cassette,Copy,,
"Greenwell, Betty  -  4271-6",SD_01_02,Sound,Audio cassette,Copy,,
"Brown, Daisy  -  3594-2",SD_01_02,Sound,Audio cassette,Copy,,
"Arthur, Anna  -  3601-3",SD_01_02,Sound,Audio cassette,Copy,,
"Fordham, E. J.  -  Copy tape one",SD_01_02,Sound,Audio cassette,Copy,,
"Anderson, Anita  -  3605-1",SD_01_02,Sound,Audio cassette,Copy,,
"Nuttal, Emily  -  Interview, Sumer""89, Toronto",SD_01_02,Sound,Audio cassette,Original,,
"Overgaard, Muriel  -  3619-1",SD_01_02,Sound,Audio cassette,Copy,,
"Storm, Marjorie  -  3627-2",SD_01_02,Sound,Audio cassette,Copy,,
"3629-1  -  White, Bill",SD_01_02,Sound,Audio cassette,Copy,,
Cowichan Lake Women!s Aux.  -  3604-3,SD_01_02,Sound,Audio cassette,Copy,,
"Vaselener, Eva  3590-2",SD_01_02,Sound,Audio cassette,Copy,,
C. Campbell Tape 2 Side 1 April 23,SD_01_02,Sound,Audio cassette,Original,,
"3607-3  -  Barber, Ellen",SD_01_02,Sound,Audio cassette,Copy,,
3602-1  -  Myrtle Bergren,SD_01_02,Sound,Audio cassette,Copy,,
3624-2  -  Eileen Sufrin,SD_01_02,Sound,Audio cassette,Copy,,
Renee Baent/Day 2-Tape#1,SD_01_02,Sound,Audio cassette,Original,,
Depression II Unemployment,SD_01_02,Sound,Audio cassette,Original,,
WWII: Women in Industry,SD_01_02,Sound,Audio cassette,Original,,
BC Labour Hist Tape 1,SD_01_02,Sound,Audio cassette,Original,,
Lecture Post-War Nov 27/83,SD_01_02,Sound,Audio cassette,Original,,
Lister Sinclair: CBC: Marilyn Powell: The Depression: Sara Diamond & Women in B.C. III,SD_01_02,Sound,Audio cassette,Original,1987-12-02,
"Morgan, Mona - 4271-12",SD_01_02,Sound,Audio cassette,Copy,,
"Morgan, Mona - 4271-12",SD_01_02,Sound,Audio cassette,Copy,,
"Barber, Ellen  -  parts II & III",SD_01_02,Sound,Audio cassette,Original,,
3596-1  -  Ruth Bullock,SD_01_02,Sound,Audio cassette,Copy,,
"Henderson, Winnifred - 4271-9",SD_01_02,Sound,Audio cassette,Copy,,
"Henderson, Winnifred - 4271-9",SD_01_02,Sound,Audio cassette,Copy,,
"Hilland, Gladys - 3593-2",SD_01_02,Sound,Audio cassette,Copy,,
"Henderson, Winnifred - 4271-10",SD_01_02,Sound,Audio cassette,Copy,,
"Henderson, Winnifred - 4271-10",SD_01_02,Sound,Audio cassette,Copy,,
"Nuttal, Emily - 3587-2",SD_01_02,Sound,Audio cassette,Copy,,
"3627-1  - Storm, Marjorie",SD_01_02,Sound,Audio cassette,Copy,,
"3627-1  - Storm, Marjorie",SD_01_02,Sound,Audio cassette,Copy,,
"Storm, Marjorie  -  3627-3",SD_01_02,Sound,Audio cassette,Copy,,
"Barrington, Pearl  -  4271:1",SD_01_02,Sound,Audio cassette,Copy,,
"Barrington, Pearl  -  4271:1",SD_01_02,Sound,Audio cassette,Copy,,
"3617-1   - Morrison, Jim",SD_01_02,Sound,Audio cassette,Copy,,
"3607-2  -  Barber, Ellen",SD_01_02,Sound,Audio cassette,Copy,,
"4271:4  -  Bastian, Lydia Fauld, Alma A.",SD_01_02,Sound,Audio cassette,Copy,,
"4271:4  -  Bastian, Lydia Fauld, Alma A.",SD_01_02,Sound,Audio cassette,Copy,,
"3609-1  -  Dowding, Vivian",SD_01_02,Sound,Audio cassette,Copy,,
"3609-1  -  Dowding, Vivian",SD_01_02,Sound,Audio cassette,Copy,,
"4271:28 - Buker N. , Green, C. and Milnter, A",SD_01_02,Sound,Audio cassette,Copy,,
"4271:28 - Buker N. , Green, C. and Milnter, A",SD_01_02,Sound,Audio cassette,Copy,,
"4271:2 - Bastian, Lydia Fauld, Alma A.",SD_01_02,Sound,Audio cassette,Copy,,
"4271:2 - Bastian, Lydia Fauld, Alma A.",SD_01_02,Sound,Audio cassette,Copy,,
"Soulderhom, B  - 3622-1",SD_01_02,Sound,Audio cassette,Copy,,
"Kennedy, Peggy  -  3589-3",SD_01_02,Sound,Audio cassette,Copy,,
"Kennedy, Peggy  -  3589-2",SD_01_02,Sound,Audio cassette,Copy,,
"Dalskog, Marge - 4271-19",SD_01_02,Sound,Audio cassette,Copy,,
"Dalskog, Marge - 4271-19",SD_01_02,Sound,Audio cassette,Copy,,
"Dalskog, Marge - 4271-20",SD_01_02,Sound,Audio cassette,Copy,,
"Dalskog, Marge - 4271-20",SD_01_02,Sound,Audio cassette,Copy,,
"3618-1  -  Ouellette, Jeanne",SD_01_02,Sound,Audio cassette,Copy,,
"3607-1  -  Barber, Ellen",SD_01_02,Sound,Audio cassette,Copy,,
"3628-1  -  Rankin, Jonnie",SD_01_02,Sound,Audio cassette,Copy,,
"3628-2  - Rankin, Jonnie",SD_01_02,Sound,Audio cassette,Copy,,
"Sheard, Edna  -  4271-17",SD_01_02,Sound,Audio cassette,Copy,,
"Sheard, Edna - 4271-17",SD_01_02,Sound,Audio cassette,Copy,,
"Nuttal, Emily  -  3587-1",SD_01_02,Sound,Audio cassette,Copy,,
"4271:24  -  Green, Caroline",SD_01_02,Sound,Audio cassette,Copy,,
"4271:24 - Green, Caroline",SD_01_02,Sound,Audio cassette,Copy,,
"4271:25 - Green, Caroline",SD_01_02,Sound,Audio cassette,Copy,,
"4271:25 - Green, Caroline",SD_01_02,Sound,Audio cassette,Copy,,
3600-1  Jack Atkinson,SD_01_02,Sound,Audio cassette,Copy,,
3596-2  -  Ruth Bullock,SD_01_02,Sound,Audio cassette,Copy,,
"3615-2  -  McLeod, Edra",SD_01_02,Sound,Audio cassette,Copy,,
"Ledger, Verna  -  3613-1",SD_01_02,Sound,Audio cassette,Copy,,
"Ledger, Verna  -  3613-1",SD_01_02,Sound,Audio cassette,Copy,,
"Anderson, Anita  -  3605-2",SD_01_02,Sound,Audio cassette,Copy,,
"Hilland, Gladys - 3593-1",SD_01_02,Sound,Audio cassette,Copy,,
"Hilland, Gladys - 3593-3",SD_01_02,Sound,Audio cassette,Copy,,
"Gilliatt, Joan - 3611-2",SD_01_02,Sound,Audio cassette,Copy,,
"Gilliatt, Joan - 3611-1",SD_01_02,Sound,Audio cassette,Copy,,
"3625-1 - Waddell, Chris",SD_01_02,Sound,Audio cassette,Copy,,
"Griffen, Betty - 4271-23",SD_01_02,Sound,Audio cassette,Copy,,
"Scott, Jean - 3595-1",SD_01_02,Sound,Audio cassette,Copy,,
"O3619-2 - Overgaard, M.",SD_01_02,Sound,Audio cassette,Copy,,
"3616-1 - Marshall, Anne",SD_01_02,Sound,Audio cassette,Copy,,
"3626-2 - Marshall, Anne",SD_01_02,Sound,Audio cassette,Copy,,
"4271:3 - Bastian, Lydi & Fauld, Alma A.",SD_01_02,Sound,Audio cassette,Copy,,
"4271:3 - Bastian, Lydi & Fauld, Alma A.",SD_01_02,Sound,Audio cassette,Copy,,
Cassette I WLHP Selected Items Sound and Moving Image Division PABC,SD_01_02,Sound,Audio cassette,Copy,,
Cassette IV WLHP Selected Items Sound and Moving Image Division PABC,SD_01_02,Sound,Audio cassette,Copy,,
Cassette VI WLHP Selected Items Sound and Moving Image Division PABC,SD_01_02,Sound,Audio cassette,Copy,,
"Rankin, Jonnie - Copy Tape",SD_01_02,Sound,Audio cassette,Copy,,
"Dowding, Vivian",SD_01_02,Sound,Audio cassette,Original,,
"Storm, Marjorie",SD_01_02,Sound,Audio cassette,Copy,,
Irma La Douce,SD_01_02,Sound,Audio cassette,Original,,
"Sheard, Edna - Copies 1+2",SD_01_02,Sound,Audio cassette,Copy,,
Jean Pritchett,SD_01_02,Sound,Audio cassette,Original,,
Winnie Henderson - II Copy,SD_01_02,Sound,Audio cassette,Copy,,
Sylvia Spring,SD_01_02,Sound,Audio cassette,Original,,
Connie White ,SD_01_02,Sound,Audio cassette,,,
Mona Morgan - Tape 2 Copy,SD_01_02,Sound,Audio cassette,Copy,,
Ruth Bullock,SD_01_02,Sound,Audio cassette,Copy,,
3599-1 Pearl Morrow,SD_01_02,Sound,Audio cassette,Copy,,
"Griffen, Betty - 4271-23",SD_01_02,Sound,Audio cassette,Copy,,
"3623-2 Stewart, Barbera",SD_01_02,Sound,Audio cassette,Copy,,
"Skilling, Opal - 4271-21",SD_01_02,Sound,Audio cassette,Copy,,
"Skilling, Opal - 4271-21",SD_01_02,Sound,Audio cassette,Copy,,
"Brown, Daisy  -  3594-1",SD_01_02,Sound,Audio cassette,Copy,,
"3620-1 - Person, Alice",SD_01_02,Sound,Audio cassette,Copy,,
"Bergen, Myrtle - 3602-1",SD_01_02,Sound,Audio cassette,Copy,,
"36241-1 - Sufrin, Eileen",SD_01_02,Sound,Audio cassette,Copy,,
Cowichan Lake Women's Aux.  -  3604-1,SD_01_02,Sound,Audio cassette,Copy,,
Cowichan Lake Women's Aux. - 3604-2,SD_01_02,Sound,Audio cassette,Copy,,
"Arthur, Anna  -  3601-1",SD_01_02,Sound,Audio cassette,Copy,,
Women's Labour History Project Demo Reel - 1988 Copyright - Keeping the Home Fires Burning Part I: excerpts/ - Keeping the Home Fires Burning: Part II,SD_01_02,Moving Image,3/4 inch videotape: U-matic,Original,1988,
Sara Diamond on WLHP April/89,SD_01_02,Moving Image,3/4 inch videotape: U-matic,Original,1989/04,
"Surfin, Eileen - 3624-1",SD_01_02,Sound,Audio cassette,Copy,,
"Surfin, Eileen - 3624-2",SD_01_02,Sound,Audio cassette,Copy,,
"3610-1 - Fawcett, Suzie",SD_01_02,Sound,Audio cassette,Copy,,
"Mcleod, Edra - 3615-1",SD_01_02,Sound,Audio cassette,Copy,,
"Bergen, Myrtle - 3602-2",SD_01_02,Sound,Audio cassette,Copy,,
"Person, Alice 3620-2",SD_01_02,Sound,Audio cassette,Copy,,
Winnie Henderson - I Copy,SD_01_02,Sound,Audio cassette,Copy,,
Mona Morgan IV Copy,SD_01_02,Sound,Audio cassette,Copy,,
"Fordham, E. J. - Copy Tape Two",SD_01_02,Sound,Audio cassette,Copy,,
A - Gerry Tellier / B - Steve Brodie / J. Sheils Tapes,SD_01_02,Sound,Audio cassette,Original,,
A-George Ritchie / J. Shiels Tapes,SD_01_02,Sound,Audio cassette,Original,,
A - Red Walsh Radio Interview / B - Kitty Fordham / J. Shiels Tapes,SD_01_02,Sound,Audio cassette,Original,,
A - Tom McEwan / B - Tom McEwan (cont.) / Jean Sheils Tapes,SD_01_02,Sound,Audio cassette,Original,,
A - Perry Hilton / B. Perry Hilton (continued) / J. Sheils Tapes,SD_01_02,Sound,Audio cassette,Original,,
A -H. Pritchitt / B. R. Jackson / Jean Sheils Tapes,SD_01_02,Sound,Audio cassette,Original,,
A - Cedric Cox / B. Mike McCaruley / Jean Sneils Tapes,SD_01_02,Sound,Audio cassette,Original,,
WLHP Lull,SD_01_02,Sound,1/4 inch audio tape,Original,,